index,name,url_token,headline,follower_count,gender,answer_count,sideItem
0,故事档案局,gu-shi-dang-an-ju-71,,23343,-1,500,
1,北京互联网法院,bei-jing-hu-lian-wang-fa-yuan,,38270,-1,0,
2,邱晨,heretic,以设计为生，以辩论为乐,162106,0,42,
3,梁建章,tian-xu-72-17,旅行，创新,229,1,1,
4,知乎旅行,zhi-hu-lu-xing-96,玩转世界的另一种视角,78072,-1,1,
5,林军,lin-jun,一互联网老兵，雷锋网总打杂,10826,-1,17,
6,吴刚,xiao-meng-meng-61-91,,10094,1,1,
7,最高人民检察院,zui-gao-ren-min-jian-cha-yuan,,99929,-1,0,
8,阿詹,a-zhan-40,青云大仙,20527,0,10,
9,知乎小知,zhi-hu-xiao-zhi-80,小知是刚刚诞生的人工智能，希望和你一起探索更大的世界,843,-1,8,
10,阿乐,a-le-85-17,互联网,163,1,9,
11,盐选科普,yan-xuan-ke-pu-28,,13384,-1,358,
12,人民网,ren-min-wang,权威实力 源自人民,49567,-1,35,
13,张雪峰老师,zhang-xue-feng-lao-shi-88,知名教育博主,10189,1,2,
14,人民政协报,ren-min-zheng-xie-bao,,47873,-1,5,
15,知乎好物推荐,zhi-hu-hao-wu-tui-jian,帮助知友买到心仪好物,187664,-1,0,
16,朱一旦的枯燥生活,gen-gen-74,黑色幽默 感谢关注！,120788,1,19,
17,Alex waker,waker-alex,公众号：Alex_waker    你的偷心人,132924,1,500,
18,二哥评车,er-ge-ping-che,快手说车第一人,1430,-1,1,
19,知乎考研,zhi-hu-kao-yan,考研路上，看看知乎,14840,-1,40,
20,稚晖,zhi-hui-64-54,AI工程师/手动档钢铁侠/Arduino版主/爱玩硬件,31499,1,16,
21,最美应用,zuimeia,公众号：最美应用，欢迎关注,18367,0,201,
22,KnowYourself,knowyourself-1,关注自我和内心，觉察即自由。,1451625,-1,1188,
23,郑亚旗,zheng-ya-qi-52,CEO\创业\摄影\潜水\极限运动\家庭教育\数码控,41019,1,57,
24,何宽,he-kuan,信息不对称才是商业社会的核心。,5933,1,45,
25,阿詹,a-zhan-40,青云大仙,20527,0,10,
26,方可成,fangkc,宾大博士生，前《南方周末》记者，政见CNPolitics发起人,57362,1,124,
27,羊葛莉,yang-ge-li-42,長期偏頭痛,508,-1,0,
28,东七门,zhao-yang-gong-yuan-dong-qi-men-er,"微信公众号 : dongqimen , 年轻人独特的观点聚集地  ",15862,-1,30,
29,Kyle君,mingkyle420,The Journey is the Reward.,9011,1,5,
30,扭蛋机,Kriscdx,影迷，封面出自《乱れる》。,11677,1,28,
31,周玄毅,zhou-xuan-yi-85,二手哲学家,12543,1,1,
32,lu hu,lu-hu-10-73,报出名号吓死你,326,0,25,
33,汪有,wang-you-28,汪有，啥都有,176129,1,233,
34,谢熊猫君,xiepanda,公众号：谢熊猫君（ID: mrxiexiongmao）,494700,1,462,
35,周源,zhouyuan,知乎 001 号员工,981390,1,350,
36,带三个表,wangxiaofeng,没帮助，气死你。,318174,1,2323,
37,纪小城,ji-xiao-cheng-83,稍后介绍,95,1,1,
38,庞颖,pang-ying-95,真理 光明 自由,28355,0,61,
39,jasonfu,jasonfu,Master Candidate in HCI,153,1,14,
40,故事档案局,gu-shi-dang-an-ju-71,,23344,-1,500,知乎 官方帐号
41,北京互联网法院,bei-jing-hu-lian-wang-fa-yuan,,38270,-1,0,已认证的官方帐号
42,邱晨,heretic,以设计为生，以辩论为乐,162106,0,42,邱晨，奇葩说辩手、米果文化联合创始人
43,梁建章,tian-xu-72-17,旅行，创新,229,1,1,携程集团 联合创始人、董事局主席
44,知乎旅行,zhi-hu-lu-xing-96,玩转世界的另一种视角,78072,-1,1,已认证的官方帐号
45,故事档案局,gu-shi-dang-an-ju-71,,23347,-1,500,知乎 官方帐号
46,北京互联网法院,bei-jing-hu-lian-wang-fa-yuan,,38270,-1,0,已认证的官方帐号
47,邱晨,heretic,以设计为生，以辩论为乐,162106,0,42,邱晨，奇葩说辩手、米果文化联合创始人
48,梁建章,tian-xu-72-17,旅行，创新,229,1,1,携程集团 联合创始人、董事局主席
49,知乎旅行,zhi-hu-lu-xing-96,玩转世界的另一种视角,78071,-1,1,已认证的官方帐号
50,林军,lin-jun,一互联网老兵，雷锋网总打杂,10826,-1,17,0
51,吴刚,xiao-meng-meng-61-91,,10096,1,1,演员
52,最高人民检察院,zui-gao-ren-min-jian-cha-yuan,,99948,-1,0,已认证的官方帐号
53,阿詹,a-zhan-40,青云大仙,20528,0,10,奇葩说辩手 詹青云
54,知乎小知,zhi-hu-xiao-zhi-80,小知是刚刚诞生的人工智能，希望和你一起探索更大的世界,844,-1,8,已认证的官方帐号
55,阿乐,a-le-85-17,互联网,163,1,9,0
56,盐选科普,yan-xuan-ke-pu-28,,13385,-1,358,知乎 官方帐号
57,人民网,ren-min-wang,权威实力 源自人民,49567,-1,35,已认证的官方帐号
58,张雪峰老师,zhang-xue-feng-lao-shi-88,知名教育博主,10189,1,2,研途考研 VIP 名师，微博知名教育博主
59,人民政协报,ren-min-zheng-xie-bao,,47873,-1,5,已认证的官方帐号
60,知乎好物推荐,zhi-hu-hao-wu-tui-jian,帮助知友买到心仪好物,187664,-1,0,已认证的官方帐号
61,朱一旦的枯燥生活,gen-gen-74,黑色幽默 感谢关注！,120801,1,19,0
62,Alex waker,waker-alex,公众号：Alex_waker    你的偷心人,132925,1,500,0
63,二哥评车,er-ge-ping-che,快手说车第一人,1430,-1,1,快手说车主播
64,知乎考研,zhi-hu-kao-yan,考研路上，看看知乎,14841,-1,40,已认证的官方帐号
65,稚晖,zhi-hui-64-54,AI工程师/手动档钢铁侠/Arduino版主/爱玩硬件,31499,1,16,oppo 算法工程师
66,最美应用,zuimeia,公众号：最美应用，欢迎关注,18367,0,201,0
67,KnowYourself,knowyourself-1,关注自我和内心，觉察即自由。,1451630,-1,1188,已认证的官方帐号
68,郑亚旗,zheng-ya-qi-52,CEO\创业\摄影\潜水\极限运动\家庭教育\数码控,41019,1,57,0
69,何宽,he-kuan,信息不对称才是商业社会的核心。,5933,1,45,0
70,阿詹,a-zhan-40,青云大仙,20528,0,10,奇葩说辩手 詹青云
71,方可成,fangkc,宾大博士生，前《南方周末》记者，政见CNPolitics发起人,57362,1,124,宾夕法尼亚大学 传播学博士在读
72,羊葛莉,yang-ge-li-42,長期偏頭痛,508,-1,0,0
73,东七门,zhao-yang-gong-yuan-dong-qi-men-er,"微信公众号 : dongqimen , 年轻人独特的观点聚集地  ",15862,-1,30,已认证的官方帐号
74,Kyle君,mingkyle420,The Journey is the Reward.,9011,1,5,网易 品牌策划
75,扭蛋机,Kriscdx,影迷，封面出自《乱れる》。,11677,1,28,0
76,周玄毅,zhou-xuan-yi-85,二手哲学家,12543,1,1,0
77,lu hu,lu-hu-10-73,报出名号吓死你,326,0,25,0
78,汪有,wang-you-28,汪有，啥都有,176131,1,233,0
79,谢熊猫君,xiepanda,公众号：谢熊猫君（ID: mrxiexiongmao）,494700,1,462,0
80,周源,zhouyuan,知乎 001 号员工,981390,1,350,知乎 创始人 & CEO
81,带三个表,wangxiaofeng,没帮助，气死你。,318174,1,2323,0
82,纪小城,ji-xiao-cheng-83,稍后介绍,95,1,1,0
83,庞颖,pang-ying-95,真理 光明 自由,28358,0,61,《奇葩说》辩手
84,jasonfu,jasonfu,Master Candidate in HCI,153,1,14,0
85,鱼丸,therefishball,什么也不是生活的全部,283749,0,73,优秀回答者
86,Luke LOU,lukelou,地理学，撰稿人，文博控，在路上,155926,1,62,优秀回答者
87,星球研究所,xing-qiu-yan-jiu-suo,一群国家地理控，专注于探索极致世界。文章首发同名公众号,156013,1,91,0
88,嘻ha旅行,xi-halu-xing-40,年轻人的旅行家 | 微信公众号：嘻ha旅行,21487,-1,95,已认证的官方帐号
89,狐吃狐玩,hu-chi-hu-wan,,513,-1,31,已认证的官方帐号
90,知乎亲子,zhi-hu-qin-zi,陪你一起长大,843425,-1,4,已认证的官方帐号
91,知乎校园,zhi-hu-xiao-yuan-46,发现更大的世界,1402938,-1,19,已认证的官方帐号
92,刘看山,liu-kan-shan-78,知乎吉祥物，带你发现更有趣的知乎,8137218,1,78,北极狐，知乎全职吉祥物
93,大壮,gogobigz,折腾一家营销机构,141887,1,55,优秀回答者
94,与人为善,scorpioseer,出柜/曾带宠物开房车环游过中国/文博控/兴趣广泛/特长很多,44750,1,446,0
95,旅行小管家,lucyttt,攻略小能手，旅行小管家，发射爱与自由的电波~~~,16,0,0,0
96,知乎萌宠,zhi-hu-meng-chong,爱干净、会埋屎、能卖萌,645179,-1,1,已认证的官方帐号
97,知乎职场,zhi-hu-zhi-chang,知乎职场，给你职场「知」招,1598107,-1,35,已认证的官方帐号
98,丁吉昌,dingjichang,大宇无限创始人/CEO，前豌豆荚创始成员,4652,1,14,0
99,贾扬清,jiayangqing,关注人工智能，大数据和产业解决方案,73230,1,66,优秀回答者
100,黄劼,saintknight,JAVA开发,110,1,58,上海宝信软件股份有限公司 研发经理
101,曲凯,kaiqu,海归创投人。42章经（ID：MyFortyTwo）有企图心的人都在关注这个公号,127586,1,160,优秀回答者
102,耐久,luo-lan-63-22,,27105,1,27,优秀回答者
103,周翔,xiang-zhou-116,"华兴Alpha总负责人, alpha.huaxing.com",4073,1,6,0
104,杨扬,yang-yang-4-75,在寻找自己的路上/ VC槛内人,9571,0,63,0
105,李江,li-jiang-96,变革家/科方基金合伙人 投资案例：童办、闪电刷新、万超帮、蜂狂运动。,1007,1,27,0
106,袁媛,yuanyuanblue,"When the going gets tough ,the tough gets going .",2797,0,1,0
107,陈悦天,vincentskywalker,@VincentSkywalker,19913,1,186,宁波辰海星河投资管理有限公司 合伙人
108,allen,xiaoyu-x,创业中 ，前华为工程师， http://weibo.com/1652971961,8331,-1,288,0
109,随时ok,qian-zhuo-ren,勤能补拙。,7,1,7,0
110,王策,wang_ce,VC/PE投资，关注互联网、金融、科技等方向,290,-1,11,0
111,李晓宁,li-xiao-zhu-85-15,创投圈 创始人CEO,3565,1,19,0
112,陈昊芝,haozhi,触控科技创始人、Cocos游戏引擎、连续创业者,39317,1,46,0
113,戴周颖,Joeydai,@VC也疯狂,1241,1,41,0
114,高翔,gao-xiang,,4714,-1,7,0
115,胡维,whale,前知乎员工,128990,1,619,0
116,王求乐Albert,wang-qiu-le-albert,苦逼投资人/Geeker知友,310,1,21,0
117,申华章,hzshen,创业就是做点与众不同的事情。,9402,1,387,0
118,汪有,wang-you-28,汪有，啥都有,176131,1,233,0
119,庞颖,pang-ying-95,真理 光明 自由,28358,0,61,《奇葩说》辩手
120,小状师张,q.zhang,非常熟悉西方的那一套理论,53526,1,0,0
121,执墨,zhi-mo-92-95,,154,0,1,0
122,凌云,LINGZHANGYUN,自由记者，半虚构写手,16326,1,2,0
123,太太,tai-tai-89-3,万古千秋,79,1,236,0
124,兴哥,xingge2019,资深投资人，国家高级理财规划师,7665,1,40,0
125,飞天猪,gao-zhan-73-24,,4,1,71,0
126,冯小疯,feng-xiao-feng-1-91,,1,-1,0,0
127,加拿大卖马哥,Englishmentor,多村直男，加拿大韬叔VX: Wentao0101gmail,5498,1,740,0
128,迈凯轮的小范,itachi-kuchiki,汽修小师傅,79,1,10,0
129,Fy atto,chu-jian-qing-xin-bu-ru-jiu-chu-bu-yan,,815,0,1,0
130,柴林,Lynn-chai,"Designer, Outsider",386,1,90,0
131,莱莱,lai-lai-97-31,其实我是个小姐姐,252,0,4,0
132,小曲儿啵啵啵,xie-yu-58-75-5,自甘堕落,7534,0,103,0
133,袁霄霄律师,yuan-xiao-xiao-57,律师 写作 法律咨询,7491,1,170,陕西海普睿诚律师事务所 执业律师
134,健康追逐者,jian-kang-zhui-zhu-zhe-luo-bu-si-13,在阳光下，一路向希。,904,1,6,0
135,只有三分钟的赛雷,sl3min,公众号：赛雷三分钟,216673,-1,0,科普畅销书作家
136,盐选科普,yan-xuan-ke-pu-28,,13385,-1,358,知乎 官方帐号
137,陈楸帆,chenqiufan,Be (Virtually) Real.,24867,1,239,著名科幻作家，代表作品：《迷幻史》《荒潮》《未来病史》《人生算法》等
138,川戈,hong-jiu-kao-ya-29,原名【红酒烤鸭】／前特稿记者 / 故事的掘墓人,101331,1,80,0
139,白杨,brucebai,北京，杭州,1048,1,42,0
140,沈夏冰,shen-xia-bing,营养师终究会获得社会的认可,44329,1,125,0
141,温义飞,wen-yi-fei-31,用过都说好。,421059,1,123,优秀回答者
142,共青团中央,gong-qing-tuan-zhong-yang-67,共青团中央知乎官方帐号,865700,1,378,共青团中央 官方帐号
143,知乎机构号团队,St.Pancras,我有 30000+ 个小伙伴，超厉害,91900,0,7,知乎 官方帐号
144,朱一旦的枯燥生活,gen-gen-74,黑色幽默 感谢关注！,120804,1,19,0
145,木瓜吃不胖,wmys,不求光芒万丈，只求光吃不胖！,13190,0,100,0
146,识食务者,wormhole2,硬核科学吃货 | 淘宝请搜：识食务者 | 进群请加同名公众号,102166,1,90,0
147,Meika大喵子,mae-feng,个人公号可搜：mae_zihigh,6101,0,97,0
148,k3爷,lee233333-28,摄影，护肤，美食，爱生活,4936,1,35,0
149,囊中小夕,yan-xi-xiao-ming,公众号：囊中小夕。只分享干货内容，关于女生变美/成长那些事。,75684,0,80,0
150,珑珑go,leonalung,同名公众号：珑珑go | 温柔、坚定、又好看，但能吃。,31323,0,41,科技盐究员
151,蓝大仙人,lan-da-xian-55,智能电视选购，接受私信付费咨询,32850,1,611,科技盐究员
152,Derrick Zhang,bigface-62,作家、摄影师、果核Group主编,139897,1,109,0
153,长亭Time,changting-Time,电子产品爱好者，不负关注不忘回复,10073,1,168,0
154,Navis Li,navisli,消费电子产品评测，不敢妄言，不愿强答，新能源车主,125920,1,294,科技盐究员
155,Edwin,dredwin,牙齿矫正话题热心网友,50981,1,2124,优秀回答者
156,超哥,guoyachao,专注跨境电商，回到跨境电商的源头，去开荒。,18502,1,201,海外电商负责人
157,Madao,a-ding-a,公众号：Madao不开花。只是一个Madao罢了～,14036,0,77,0
158,夜礼服拉面,1999hong-hong-huo-huo,生活支线玩家,7524,-1,166,0
159,雪球妈妈,gunxueqiu,公众号：雪球妈妈，陪宝贝一起成长的妈妈。,75263,0,1705,0
160,陈大可,chen-qi-69-43-69,育儿快乐成长，职场全力以赴，10年德系汽车营销经验,69409,0,325,0
161,云女友,tan-xia-miao,公众号：女朋友教你穿衣服,64561,0,92,0
162,沈少Neo,chen-shao-neo,数码、腕表、车、极简生活家。,61015,1,1079,科技盐究员
163,木子加加,mu-zi-jia-jia-92-50,爱读书，爱分享的非IT男,25949,1,123,什么值得买 生活家
164,半佛仙人,banfoxianren,我看诸君皆装逼，料诸君看我应如是,323136,1,1143,0
165,知乎视频,zhi-hu-shi-pin,看见、记录、分享更大的世界。,4628,-1,0,已认证的官方帐号
166,周源,zhouyuan,知乎 001 号员工,981390,1,350,知乎 创始人 & CEO
167,刘看山福利社,-7,原「刘看山城市冰屋」，天气暖了冰屋化了，不定期派送福利,102322,-1,67,已认证的官方帐号
168,知乎小管家,zhihuadmin,超厉害！顺便招运营人才和其他各类人才。,328389,1,69,知乎 官方帐号
169,知乎好物推荐,zhi-hu-hao-wu-tui-jian,帮助知友买到心仪好物,187665,-1,0,已认证的官方帐号
170,盐选推荐,zhujiangren,为你推荐知乎优质付费内容,1572368,-1,43827,知乎 官方帐号
171,丁三胖,ding3p,公众号：丁凡的奇妙世界,47171,1,301,0
172,共青团中央,gong-qing-tuan-zhong-yang-67,共青团中央知乎官方帐号,865700,1,378,共青团中央 官方帐号
173,导演张小策,huang-yuan-lang-81,朱一旦的枯燥生活，C座802，编剧/导演,15146,1,21,0
174,麦龟迪,chen-di-hui,"王者荣耀S13荣耀王者79星
公众号：手游最攻略",65227,0,20,0
175,章小殷,zhang-xiao-yin-7,传统旗袍制作者,128,0,0,0
176,lina,lina-42-81-77,好好学习，天天向上,364,0,615,乌鲁木齐市第三小学 信息技术教师
177,O泡裹奶,opao-guo-nai-86-60,小仙女本仙呀！,1,0,1,0
178,楠楠丫,nan-nan-ya-96-80,,15,-1,0,0
179,鸭子姐姐,yi-chun-gong-zuo-shi,温柔的姐姐，为空姐正名，不乱～,344,0,128,0
180,酒窝,ulrica-68-66,,26,0,0,0
181,Final海莉,finalhai-li,What？您关注如此凶残又才华貌美的我！那我得是多可爱！耶！,177,0,4,0
182,拉克丝,teeeeee-72,we are in a dream anyway,96,0,12,0
183,美少女Lilya,mei-shao-nu-lilya,MBA在读、雅思备考待留学、原某上市公司管培生,5628,0,5,大连海事大学 管理学硕士在读
184,羊羊,wang-pei-yang-31,,22,0,0,0
185,陆某某,lu-mou-mou-69-25,,33,-1,0,0
186,fainie,fainie-42,,71,-1,0,0
187,腾讯医典,teng-xun-yi-dian,为大众而生的专业医典,15393,-1,48,已认证的官方帐号
188,Lydia Yang,Alphia,愚蠢是个道德问题。,9562,0,157,0
189,戴雨森,yusen,真格基金合伙人，聚美优品联合创始人,62502,1,155,真格基金 合伙人
190,贾樟柯,jia-zhang-ke-45,欢迎关注微信「柯首映」,135258,1,6,电影导演
191,知乎好物推荐,zhi-hu-hao-wu-tui-jian,帮助知友买到心仪好物,187665,-1,0,已认证的官方帐号
192,大象公会,da-xiang-gong-hui-12,精 神 食 粮,75844,-1,390,已认证的官方帐号
193,毕导,bi-xiao-tian-99,膜技术博士，欢迎关注同名公众号“毕导”,293153,1,159,清华大学 化学工程系博士在读
194,冯不悔,feng-bu-hui-53,亲 关注我 三天后告诉你一个小秘密哦  商务合作可私聊,54463,1,735,0
195,知乎故事大赛,gu-shi-dang-an-ju,,5156,-1,0,已认证的官方帐号
196,快手镜相,kuai-shou-jing-xiang,用科技提升每个人独特的幸福感,22197,-1,64,已认证的官方帐号
197,清欢,mayfly-71-77,,2758,1,25,0
198,考研老冰棍,kao-yan-lao-bing-gun,帅炸宇宙の某211研究生,9598,1,120,0
199,见山,jianshanjiaoyu,P大研二/前XDF考研写作讲师,30869,1,58,北京大学 城市与环境学院硕士在读
200,半夏学长,jin-yi-hao-54,,50181,1,31,0
201,张雪峰老师,zhang-xue-feng-lao-shi-88,知名教育博主,10189,1,2,研途考研 VIP 名师，微博知名教育博主
202,自己个儿,wang-ni-mei-60,西安交大电气工程硕士。熟悉电气考研择校和规划，国网招聘,1787,1,180,电气工程硕士在读
203,经验超市考研,jing-yan-chao-shi,领先的考研专业课辅导品牌,1450,-1,53,已认证的官方帐号
204,弗兰克扬,fu-lan-ke-yang,一个写作就是为了自引的人,266438,1,823,0
205,严徒,hmusicman,考研达人，尊为考神,4731,1,31,中山大学 交互设计硕士
206,大闸蟹i,da-zha-xie-i,超腻害の英语老师：dazhaxie1949,15502,0,152,0
207,白小鱼,youngfish42,机器学习 | 计算机视觉 | 生物 | 边缘计算,12288,1,134,上海交通大学 电子与信息博士在读
208,郭某某,guo-zi-tong-93-14,原高校教师、中国计算机学会会员，擅长创业、计算机、升学规划。,1022,1,123,0
209,考研政治吴坤宇,kao-yan-zheng-zhi-wu-kun-yu-30,一个不那么有名的考研政治名师。,3267,1,129,武汉理工大学 马克思主义理论硕士
210,Mr.Nacky,ruan-jia-rong,健身小白，歌唱达人！,6878,1,60,北京科技大学 翻译硕士在读
211,Sparkler,yin-yixin-7,批判的武器不能代替武器的批判,176,1,15,武汉理工大学 环境工程硕士在读
212,郭二二不二,guo-xiao-chi-19,这个好好吃呀,1357,0,57,0
213,缺月疏桐,que-yue-shu-tong-13,CS硕士 CV AI 足球 游戏,3677,1,83,0
214,小蛋卷DeeJane,deejane0104,我女神叫Taylor Swift,70,0,10,0
215,英语杂货铺,ting-yuan-shen-shen-shen-ji-xu-70,南京师范大学英语系博士(语言学/CDA),9500,1,191,南京师范大学 英语语言文学博士在读
216,花花师姐,wei-wei-45-51-48,喝哇哈哈长大的刀子嘴豆腐心的可爱善良的学姐,978,0,168,0
217,刘看山,liu-kan-shan-78,知乎吉祥物，带你发现更有趣的知乎,8137243,1,78,北极狐，知乎全职吉祥物
218,winningman,zhang-li-53-12-93,半导体行业从业者,62613,1,41,科技盐究员
219,刘慈欣,liu-ci-xin-68,工程师，作家,93598,1,0,中国科幻作家
220,浣熊队长,wan-xiong-dui-chang-96,你可拉倒吧,1305,1,113,0
221,贾扬清,jiayangqing,关注人工智能，大数据和产业解决方案,73230,1,66,优秀回答者
222,Lele Feng,lele-feng-15,喜欢图形学,10048,0,8,0
223,楠爷,evenstar,,402419,1,395,优秀回答者
224,学写作的丧失,zombiewriter,zombiewriter,138734,1,858,0
225,Maker毕,anderson-76,清华创客空间创始人/爱搞小发明/STEM教育从娃娃抓起,3925,1,39,网易有道 教育项目经理
226,张汉东,blackanger,资深工程师/  技术作家 / 青少年教育创业者,27220,1,1828,0
227,周源,zhouyuan,知乎 001 号员工,981390,1,350,知乎 创始人 & CEO
228,罗福莉,fuliluo,正在找工作的程序媛....,6185,0,9,北京大学 信息科学技术学院硕士在读
229,灵剑,ling-jian-94,微博一般不上 http://weibo.com/hubo1016,75418,1,3640,优秀回答者
230,丁香医生,ding-xiang-yi-sheng,有温度、有知识、有态度，新一代大众健康科普。,2513450,-1,622,已认证的官方帐号
231,量子位,liang-zi-wei-48,有趣的AI&amp;前沿科技→_→ 公众号：QbitAI,212865,-1,254,已认证的官方帐号
232,邱昊宇,timothyqiu,打杂程序员,6586,1,436,优秀回答者
233,马前卒,ma-qian-zu,山楂糕、枣泥饼、酸奶冰棍 ——微信公众号【马前卒工作室】,465732,1,1932,0
234,田渊栋,tian-yuan-dong,Facebook人工智能研究院研究员/研究经理，卡耐基梅隆大学机器人系博士,97032,1,43,优秀回答者
235,TimberNord,timbernord,公众号:海鲜冷冻厂,50213,1,44,0
236,老狼,mikewolfwoo,"UEFI固件、服务器、嵌入式产品
(公众号:UEFIblog)",143009,1,258,科技盐究员
237,WPS Office,wps-office,简单创造不简单,66331,-1,155,已认证的官方帐号
238,知群,zhi-qun-90,互联网人的知识社群,4216,-1,119,已认证的官方帐号
239,知群增长研究院,zeng-chang-zhen-tan-she,专注产品推广，行业深入研究，资讯抢先播报,215,1,5,0
240,Photograph Jun,zhu-sheng-jun-80,心中有情，下笔如风,439,1,42,0
241,废熊,wang-zhi-heng-87,听说，两个人在一起睡觉，总会有一个人会比另一个先睡着。,5927,1,85,0
242,喻忘忧,Hemerocallis-Yu,值乎打开有问题，求助请私信,136168,0,422,0
243,小鹿,you-wu-jun-77,美学爱好者 有趣话多路子野,64737,0,70,0
244,陈希 Chris,chenxi,,13559,1,8,0
245,金釗立,godling,修行中,252261,1,591,优秀回答者
246,MoonMonster,moonmonster,长文流... www.jianjia360.com,118320,1,36,优秀回答者
247,尤文文,youwenwen,设计师 Yoyo,161373,1,141,优秀回答者
248,elya,elya,落花流水elya妞~,152803,0,121,0
249,Riceman 米饭侠,riceman,设计师，播客《UX Coffee 设计咖》制作人,58331,1,23,优秀回答者
250,胡点Vivian,hudian,不知老之将至,23848,0,83,0
251,罗飞,luo-fei-77,过气的谐星，永远的陡逼,16544,1,100,0
252,吞茶嚼花,tcjh,故事真的不缺。,108496,1,71,0
253,刘少楠,plidezus,产品设计/重度科幻迷/书虫/互联网医疗,3812,1,21,丁香医生 首席产品架构师
254,5key,5key,阿里巴巴设计中台团队招聘设计师,20933,1,142,用户体验设计师
255,周北树,clearstars,Love Peace Music,131224,1,100,优秀回答者
256,江涛,jiangtao,雪球004号员工,3507,1,64,0
257,PeterLee龍羿,peterleelong-yi,前Keep總主筆/網文作者/漢字搬運工/AEON優秀員工,14313,1,938,永旺商业有限公司 食品部职员
258,故事档案局,gu-shi-dang-an-ju-71,,23349,-1,500,知乎 官方帐号
259,北京互联网法院,bei-jing-hu-lian-wang-fa-yuan,,38270,-1,0,已认证的官方帐号
260,邱晨,heretic,以设计为生，以辩论为乐,162106,0,42,邱晨，奇葩说辩手、米果文化联合创始人
261,梁建章,tian-xu-72-17,旅行，创新,230,1,1,携程集团 联合创始人、董事局主席
262,知乎旅行,zhi-hu-lu-xing-96,玩转世界的另一种视角,78071,-1,1,已认证的官方帐号
263,林军,lin-jun,一互联网老兵，雷锋网总打杂,10826,-1,17,0
264,吴刚,xiao-meng-meng-61-91,,10096,1,1,演员
265,最高人民检察院,zui-gao-ren-min-jian-cha-yuan,,99962,-1,0,已认证的官方帐号
266,阿詹,a-zhan-40,青云大仙,20529,0,10,奇葩说辩手 詹青云
267,知乎小知,zhi-hu-xiao-zhi-80,小知是刚刚诞生的人工智能，希望和你一起探索更大的世界,844,-1,8,已认证的官方帐号
268,阿乐,a-le-85-17,互联网,163,1,9,0
269,盐选科普,yan-xuan-ke-pu-28,,13385,-1,358,知乎 官方帐号
270,人民网,ren-min-wang,权威实力 源自人民,49567,-1,35,已认证的官方帐号
271,张雪峰老师,zhang-xue-feng-lao-shi-88,知名教育博主,10189,1,2,研途考研 VIP 名师，微博知名教育博主
272,人民政协报,ren-min-zheng-xie-bao,,47873,-1,5,已认证的官方帐号
273,知乎好物推荐,zhi-hu-hao-wu-tui-jian,帮助知友买到心仪好物,187662,-1,0,已认证的官方帐号
274,朱一旦的枯燥生活,gen-gen-74,黑色幽默 感谢关注！,120805,1,19,0
275,Alex waker,waker-alex,公众号：Alex_waker    你的偷心人,132925,1,500,0
276,二哥评车,er-ge-ping-che,快手说车第一人,1430,-1,1,快手说车主播
277,知乎考研,zhi-hu-kao-yan,考研路上，看看知乎,14841,-1,40,已认证的官方帐号
278,稚晖,zhi-hui-64-54,AI工程师/手动档钢铁侠/Arduino版主/爱玩硬件,31499,1,16,oppo 算法工程师
279,最美应用,zuimeia,公众号：最美应用，欢迎关注,18367,0,201,0
280,KnowYourself,knowyourself-1,关注自我和内心，觉察即自由。,1451633,-1,1188,已认证的官方帐号
281,郑亚旗,zheng-ya-qi-52,CEO\创业\摄影\潜水\极限运动\家庭教育\数码控,41019,1,57,0
282,何宽,he-kuan,信息不对称才是商业社会的核心。,5933,1,45,0
283,阿詹,a-zhan-40,青云大仙,20529,0,10,奇葩说辩手 詹青云
284,方可成,fangkc,宾大博士生，前《南方周末》记者，政见CNPolitics发起人,57362,1,124,宾夕法尼亚大学 传播学博士在读
285,羊葛莉,yang-ge-li-42,長期偏頭痛,508,-1,0,0
286,东七门,zhao-yang-gong-yuan-dong-qi-men-er,"微信公众号 : dongqimen , 年轻人独特的观点聚集地  ",15862,-1,30,已认证的官方帐号
287,Kyle君,mingkyle420,The Journey is the Reward.,9011,1,5,网易 品牌策划
288,扭蛋机,Kriscdx,影迷，封面出自《乱れる》。,11677,1,28,0
289,周玄毅,zhou-xuan-yi-85,二手哲学家,12543,1,1,0
290,lu hu,lu-hu-10-73,报出名号吓死你,326,0,25,0
291,汪有,wang-you-28,汪有，啥都有,176132,1,233,0
292,谢熊猫君,xiepanda,公众号：谢熊猫君（ID: mrxiexiongmao）,494700,1,462,0
293,周源,zhouyuan,知乎 001 号员工,981389,1,350,知乎 创始人 & CEO
294,带三个表,wangxiaofeng,没帮助，气死你。,318174,1,2323,0
295,纪小城,ji-xiao-cheng-83,稍后介绍,95,1,1,0
296,庞颖,pang-ying-95,真理 光明 自由,28358,0,61,《奇葩说》辩手
297,jasonfu,jasonfu,Master Candidate in HCI,153,1,14,0
298,鱼丸,therefishball,什么也不是生活的全部,283749,0,73,优秀回答者
299,Luke LOU,lukelou,地理学，撰稿人，文博控，在路上,155929,1,62,优秀回答者
300,星球研究所,xing-qiu-yan-jiu-suo,一群国家地理控，专注于探索极致世界。文章首发同名公众号,156013,1,91,0
301,嘻ha旅行,xi-halu-xing-40,年轻人的旅行家 | 微信公众号：嘻ha旅行,21488,-1,95,已认证的官方帐号
302,狐吃狐玩,hu-chi-hu-wan,,513,-1,31,已认证的官方帐号
303,知乎亲子,zhi-hu-qin-zi,陪你一起长大,843443,-1,4,已认证的官方帐号
304,知乎校园,zhi-hu-xiao-yuan-46,发现更大的世界,1402959,-1,19,已认证的官方帐号
305,刘看山,liu-kan-shan-78,知乎吉祥物，带你发现更有趣的知乎,8137298,1,78,北极狐，知乎全职吉祥物
306,大壮,gogobigz,折腾一家营销机构,141887,1,55,优秀回答者
307,与人为善,scorpioseer,出柜/曾带宠物开房车环游过中国/文博控/兴趣广泛/特长很多,44750,1,446,0
308,旅行小管家,lucyttt,攻略小能手，旅行小管家，发射爱与自由的电波~~~,16,0,0,0
309,知乎萌宠,zhi-hu-meng-chong,爱干净、会埋屎、能卖萌,645192,-1,1,已认证的官方帐号
310,知乎职场,zhi-hu-zhi-chang,知乎职场，给你职场「知」招,1598133,-1,35,已认证的官方帐号
311,丁吉昌,dingjichang,大宇无限创始人/CEO，前豌豆荚创始成员,4652,1,14,0
312,贾扬清,jiayangqing,关注人工智能，大数据和产业解决方案,73231,1,66,优秀回答者
313,黄劼,saintknight,JAVA开发,110,1,58,上海宝信软件股份有限公司 研发经理
314,曲凯,kaiqu,海归创投人。42章经（ID：MyFortyTwo）有企图心的人都在关注这个公号,127586,1,160,优秀回答者
315,耐久,luo-lan-63-22,,27105,1,27,优秀回答者
316,周翔,xiang-zhou-116,"华兴Alpha总负责人, alpha.huaxing.com",4073,1,6,0
317,杨扬,yang-yang-4-75,在寻找自己的路上/ VC槛内人,9571,0,63,0
318,李江,li-jiang-96,变革家/科方基金合伙人 投资案例：童办、闪电刷新、万超帮、蜂狂运动。,1007,1,27,0
319,袁媛,yuanyuanblue,"When the going gets tough ,the tough gets going .",2797,0,1,0
320,陈悦天,vincentskywalker,@VincentSkywalker,19913,1,186,宁波辰海星河投资管理有限公司 合伙人
321,allen,xiaoyu-x,创业中 ，前华为工程师， http://weibo.com/1652971961,8331,-1,288,0
322,随时ok,qian-zhuo-ren,勤能补拙。,7,1,7,0
323,王策,wang_ce,VC/PE投资，关注互联网、金融、科技等方向,290,-1,11,0
324,李晓宁,li-xiao-zhu-85-15,创投圈 创始人CEO,3565,1,19,0
325,陈昊芝,haozhi,触控科技创始人、Cocos游戏引擎、连续创业者,39317,1,46,0
326,戴周颖,Joeydai,@VC也疯狂,1241,1,41,0
327,高翔,gao-xiang,,4714,-1,7,0
328,胡维,whale,前知乎员工,128990,1,619,0
329,王求乐Albert,wang-qiu-le-albert,苦逼投资人/Geeker知友,310,1,21,0
330,申华章,hzshen,创业就是做点与众不同的事情。,9402,1,387,0
331,汪有,wang-you-28,汪有，啥都有,176132,1,233,0
332,庞颖,pang-ying-95,真理 光明 自由,28358,0,61,《奇葩说》辩手
333,小状师张,q.zhang,非常熟悉西方的那一套理论,53526,1,0,0
334,执墨,zhi-mo-92-95,,154,0,1,0
335,凌云,LINGZHANGYUN,自由记者，半虚构写手,16326,1,2,0
336,太太,tai-tai-89-3,万古千秋,79,1,236,0
337,兴哥,xingge2019,资深投资人，国家高级理财规划师,7665,1,40,0
338,飞天猪,gao-zhan-73-24,,4,1,71,0
339,冯小疯,feng-xiao-feng-1-91,,1,-1,0,0
340,加拿大卖马哥,Englishmentor,多村直男，加拿大韬叔VX: Wentao0101gmail,5498,1,740,0
341,迈凯轮的小范,itachi-kuchiki,汽修小师傅,79,1,10,0
342,Fy atto,chu-jian-qing-xin-bu-ru-jiu-chu-bu-yan,,815,0,1,0
343,柴林,Lynn-chai,"Designer, Outsider",386,1,90,0
344,莱莱,lai-lai-97-31,其实我是个小姐姐,252,0,4,0
345,小曲儿啵啵啵,xie-yu-58-75-5,自甘堕落,7534,0,103,0
346,袁霄霄律师,yuan-xiao-xiao-57,律师 写作 法律咨询,7491,1,170,陕西海普睿诚律师事务所 执业律师
347,健康追逐者,jian-kang-zhui-zhu-zhe-luo-bu-si-13,在阳光下，一路向希。,904,1,6,0
348,只有三分钟的赛雷,sl3min,公众号：赛雷三分钟,216673,-1,0,科普畅销书作家
349,盐选科普,yan-xuan-ke-pu-28,,13385,-1,358,知乎 官方帐号
350,陈楸帆,chenqiufan,Be (Virtually) Real.,24867,1,239,著名科幻作家，代表作品：《迷幻史》《荒潮》《未来病史》《人生算法》等
351,川戈,hong-jiu-kao-ya-29,原名【红酒烤鸭】／前特稿记者 / 故事的掘墓人,101331,1,80,0
352,白杨,brucebai,北京，杭州,1048,1,42,0
353,沈夏冰,shen-xia-bing,营养师终究会获得社会的认可,44330,1,125,0
354,温义飞,wen-yi-fei-31,用过都说好。,421059,1,123,优秀回答者
355,故事档案局,gu-shi-dang-an-ju-71,,23352,-1,500,知乎 官方帐号
356,北京互联网法院,bei-jing-hu-lian-wang-fa-yuan,,38270,-1,0,已认证的官方帐号
357,邱晨,heretic,以设计为生，以辩论为乐,162106,0,42,邱晨，奇葩说辩手、米果文化联合创始人
358,梁建章,tian-xu-72-17,旅行，创新,231,1,1,携程集团 联合创始人、董事局主席
359,知乎旅行,zhi-hu-lu-xing-96,玩转世界的另一种视角,78069,-1,1,已认证的官方帐号
360,林军,lin-jun,一互联网老兵，雷锋网总打杂,10826,-1,17,0
361,吴刚,xiao-meng-meng-61-91,,10096,1,1,演员
362,最高人民检察院,zui-gao-ren-min-jian-cha-yuan,,99977,-1,0,已认证的官方帐号
363,阿詹,a-zhan-40,青云大仙,20529,0,10,奇葩说辩手 詹青云
364,知乎小知,zhi-hu-xiao-zhi-80,小知是刚刚诞生的人工智能，希望和你一起探索更大的世界,844,-1,8,已认证的官方帐号
365,阿乐,a-le-85-17,互联网,163,1,9,0
366,盐选科普,yan-xuan-ke-pu-28,,13385,-1,358,知乎 官方帐号
367,人民网,ren-min-wang,权威实力 源自人民,49567,-1,35,已认证的官方帐号
368,张雪峰老师,zhang-xue-feng-lao-shi-88,知名教育博主,10189,1,2,研途考研 VIP 名师，微博知名教育博主
369,人民政协报,ren-min-zheng-xie-bao,,47873,-1,5,已认证的官方帐号
370,知乎好物推荐,zhi-hu-hao-wu-tui-jian,帮助知友买到心仪好物,187661,-1,0,已认证的官方帐号
371,朱一旦的枯燥生活,gen-gen-74,黑色幽默 感谢关注！,120808,1,19,0
372,Alex waker,waker-alex,公众号：Alex_waker    你的偷心人,132925,1,500,0
373,二哥评车,er-ge-ping-che,快手说车第一人,1430,-1,1,快手说车主播
374,知乎考研,zhi-hu-kao-yan,考研路上，看看知乎,14841,-1,40,已认证的官方帐号
375,稚晖,zhi-hui-64-54,AI工程师/手动档钢铁侠/Arduino版主/爱玩硬件,31499,1,16,oppo 算法工程师
376,最美应用,zuimeia,公众号：最美应用，欢迎关注,18367,0,201,0
377,KnowYourself,knowyourself-1,关注自我和内心，觉察即自由。,1451636,-1,1188,已认证的官方帐号
378,郑亚旗,zheng-ya-qi-52,CEO\创业\摄影\潜水\极限运动\家庭教育\数码控,41019,1,57,0
379,何宽,he-kuan,信息不对称才是商业社会的核心。,5933,1,45,0
380,阿詹,a-zhan-40,青云大仙,20529,0,10,奇葩说辩手 詹青云
381,方可成,fangkc,宾大博士生，前《南方周末》记者，政见CNPolitics发起人,57362,1,124,宾夕法尼亚大学 传播学博士在读
382,羊葛莉,yang-ge-li-42,長期偏頭痛,508,-1,0,0
383,东七门,zhao-yang-gong-yuan-dong-qi-men-er,"微信公众号 : dongqimen , 年轻人独特的观点聚集地  ",15862,-1,30,已认证的官方帐号
384,Kyle君,mingkyle420,The Journey is the Reward.,9011,1,5,网易 品牌策划
385,扭蛋机,Kriscdx,影迷，封面出自《乱れる》。,11677,1,28,0
386,周玄毅,zhou-xuan-yi-85,二手哲学家,12543,1,1,0
387,lu hu,lu-hu-10-73,报出名号吓死你,326,0,25,0
388,汪有,wang-you-28,汪有，啥都有,176133,1,233,0
389,谢熊猫君,xiepanda,公众号：谢熊猫君（ID: mrxiexiongmao）,494700,1,462,0
390,周源,zhouyuan,知乎 001 号员工,981389,1,350,知乎 创始人 & CEO
391,带三个表,wangxiaofeng,没帮助，气死你。,318174,1,2323,0
392,纪小城,ji-xiao-cheng-83,稍后介绍,95,1,1,0
393,庞颖,pang-ying-95,真理 光明 自由,28358,0,61,《奇葩说》辩手
394,jasonfu,jasonfu,Master Candidate in HCI,153,1,14,0
395,鱼丸,therefishball,什么也不是生活的全部,283749,0,73,优秀回答者
396,Luke LOU,lukelou,地理学，撰稿人，文博控，在路上,155930,1,62,优秀回答者
397,星球研究所,xing-qiu-yan-jiu-suo,一群国家地理控，专注于探索极致世界。文章首发同名公众号,156015,1,91,0
398,嘻ha旅行,xi-halu-xing-40,年轻人的旅行家 | 微信公众号：嘻ha旅行,21488,-1,95,已认证的官方帐号
399,狐吃狐玩,hu-chi-hu-wan,,513,-1,31,已认证的官方帐号
400,知乎亲子,zhi-hu-qin-zi,陪你一起长大,843465,-1,4,已认证的官方帐号
401,知乎校园,zhi-hu-xiao-yuan-46,发现更大的世界,1402995,-1,19,已认证的官方帐号
402,刘看山,liu-kan-shan-78,知乎吉祥物，带你发现更有趣的知乎,8137390,1,78,北极狐，知乎全职吉祥物
403,大壮,gogobigz,折腾一家营销机构,141887,1,55,优秀回答者
404,与人为善,scorpioseer,出柜/曾带宠物开房车环游过中国/文博控/兴趣广泛/特长很多,44750,1,446,0
405,旅行小管家,lucyttt,攻略小能手，旅行小管家，发射爱与自由的电波~~~,16,0,0,0
406,知乎萌宠,zhi-hu-meng-chong,爱干净、会埋屎、能卖萌,645208,-1,1,已认证的官方帐号
407,知乎职场,zhi-hu-zhi-chang,知乎职场，给你职场「知」招,1598165,-1,35,已认证的官方帐号
408,丁吉昌,dingjichang,大宇无限创始人/CEO，前豌豆荚创始成员,4652,1,14,0
409,贾扬清,jiayangqing,关注人工智能，大数据和产业解决方案,73231,1,66,优秀回答者
410,黄劼,saintknight,JAVA开发,110,1,58,上海宝信软件股份有限公司 研发经理
411,曲凯,kaiqu,海归创投人。42章经（ID：MyFortyTwo）有企图心的人都在关注这个公号,127587,1,160,优秀回答者
412,耐久,luo-lan-63-22,,27104,1,27,优秀回答者
413,周翔,xiang-zhou-116,"华兴Alpha总负责人, alpha.huaxing.com",4073,1,6,0
414,杨扬,yang-yang-4-75,在寻找自己的路上/ VC槛内人,9571,0,63,0
415,李江,li-jiang-96,变革家/科方基金合伙人 投资案例：童办、闪电刷新、万超帮、蜂狂运动。,1007,1,27,0
416,袁媛,yuanyuanblue,"When the going gets tough ,the tough gets going .",2797,0,1,0
417,陈悦天,vincentskywalker,@VincentSkywalker,19913,1,186,宁波辰海星河投资管理有限公司 合伙人
418,allen,xiaoyu-x,创业中 ，前华为工程师， http://weibo.com/1652971961,8331,-1,288,0
419,随时ok,qian-zhuo-ren,勤能补拙。,7,1,7,0
420,王策,wang_ce,VC/PE投资，关注互联网、金融、科技等方向,290,-1,11,0
421,李晓宁,li-xiao-zhu-85-15,创投圈 创始人CEO,3565,1,19,0
422,陈昊芝,haozhi,触控科技创始人、Cocos游戏引擎、连续创业者,39317,1,46,0
423,戴周颖,Joeydai,@VC也疯狂,1241,1,41,0
424,高翔,gao-xiang,,4714,-1,7,0
425,胡维,whale,前知乎员工,128990,1,619,0
426,王求乐Albert,wang-qiu-le-albert,苦逼投资人/Geeker知友,310,1,21,0
427,申华章,hzshen,创业就是做点与众不同的事情。,9402,1,387,0
428,汪有,wang-you-28,汪有，啥都有,176133,1,233,0
429,庞颖,pang-ying-95,真理 光明 自由,28358,0,61,《奇葩说》辩手
430,小状师张,q.zhang,非常熟悉西方的那一套理论,53526,1,0,0
431,执墨,zhi-mo-92-95,,154,0,1,0
432,凌云,LINGZHANGYUN,自由记者，半虚构写手,16326,1,2,0
433,太太,tai-tai-89-3,万古千秋,79,1,236,0
434,兴哥,xingge2019,资深投资人，国家高级理财规划师,7665,1,40,0
435,飞天猪,gao-zhan-73-24,,4,1,71,0
436,冯小疯,feng-xiao-feng-1-91,,1,-1,0,0
437,加拿大卖马哥,Englishmentor,多村直男，加拿大韬叔VX: Wentao0101gmail,5498,1,740,0
438,迈凯轮的小范,itachi-kuchiki,汽修小师傅,79,1,10,0
439,Fy atto,chu-jian-qing-xin-bu-ru-jiu-chu-bu-yan,,815,0,1,0
440,柴林,Lynn-chai,"Designer, Outsider",386,1,90,0
441,莱莱,lai-lai-97-31,其实我是个小姐姐,252,0,4,0
442,小曲儿啵啵啵,xie-yu-58-75-5,自甘堕落,7534,0,103,0
443,袁霄霄律师,yuan-xiao-xiao-57,律师 写作 法律咨询,7491,1,170,陕西海普睿诚律师事务所 执业律师
444,健康追逐者,jian-kang-zhui-zhu-zhe-luo-bu-si-13,在阳光下，一路向希。,904,1,6,0
445,只有三分钟的赛雷,sl3min,公众号：赛雷三分钟,216674,-1,0,科普畅销书作家
446,盐选科普,yan-xuan-ke-pu-28,,13385,-1,358,知乎 官方帐号
447,陈楸帆,chenqiufan,Be (Virtually) Real.,24867,1,239,著名科幻作家，代表作品：《迷幻史》《荒潮》《未来病史》《人生算法》等
448,川戈,hong-jiu-kao-ya-29,原名【红酒烤鸭】／前特稿记者 / 故事的掘墓人,101330,1,80,0
449,白杨,brucebai,北京，杭州,1048,1,42,0
450,沈夏冰,shen-xia-bing,营养师终究会获得社会的认可,44330,1,125,0
451,温义飞,wen-yi-fei-31,用过都说好。,421059,1,123,优秀回答者
452,共青团中央,gong-qing-tuan-zhong-yang-67,共青团中央知乎官方帐号,865700,1,378,共青团中央 官方帐号
453,知乎机构号团队,St.Pancras,我有 30000+ 个小伙伴，超厉害,91900,0,7,知乎 官方帐号
454,朱一旦的枯燥生活,gen-gen-74,黑色幽默 感谢关注！,120809,1,19,0
455,木瓜吃不胖,wmys,不求光芒万丈，只求光吃不胖！,13192,0,100,0
456,识食务者,wormhole2,硬核科学吃货 | 淘宝请搜：识食务者 | 进群请加同名公众号,102168,1,90,0
457,Meika大喵子,mae-feng,个人公号可搜：mae_zihigh,6101,0,97,0
458,k3爷,lee233333-28,摄影，护肤，美食，爱生活,4936,1,35,0
459,囊中小夕,yan-xi-xiao-ming,公众号：囊中小夕。只分享干货内容，关于女生变美/成长那些事。,75684,0,80,0
460,珑珑go,leonalung,同名公众号：珑珑go | 温柔、坚定、又好看，但能吃。,31326,0,41,科技盐究员
461,蓝大仙人,lan-da-xian-55,智能电视选购，接受私信付费咨询,32850,1,611,科技盐究员
462,Derrick Zhang,bigface-62,作家、摄影师、果核Group主编,139898,1,109,0
463,长亭Time,changting-Time,电子产品爱好者，不负关注不忘回复,10074,1,168,0
464,Navis Li,navisli,消费电子产品评测，不敢妄言，不愿强答，新能源车主,125920,1,294,科技盐究员
465,Edwin,dredwin,牙齿矫正话题热心网友,50981,1,2124,优秀回答者
466,超哥,guoyachao,专注跨境电商，回到跨境电商的源头，去开荒。,18502,1,201,海外电商负责人
467,Madao,a-ding-a,公众号：Madao不开花。只是一个Madao罢了～,14036,0,77,0
468,夜礼服拉面,1999hong-hong-huo-huo,生活支线玩家,7524,-1,166,0
469,雪球妈妈,gunxueqiu,公众号：雪球妈妈，陪宝贝一起成长的妈妈。,75263,0,1705,0
470,陈大可,chen-qi-69-43-69,育儿快乐成长，职场全力以赴，10年德系汽车营销经验,69409,0,325,0
471,云女友,tan-xia-miao,公众号：女朋友教你穿衣服,64562,0,92,0
472,沈少Neo,chen-shao-neo,数码、腕表、车、极简生活家。,61017,1,1079,科技盐究员
473,木子加加,mu-zi-jia-jia-92-50,爱读书，爱分享的非IT男,25949,1,123,什么值得买 生活家
474,半佛仙人,banfoxianren,我看诸君皆装逼，料诸君看我应如是,323136,1,1143,0
475,知乎视频,zhi-hu-shi-pin,看见、记录、分享更大的世界。,4628,-1,0,已认证的官方帐号
476,周源,zhouyuan,知乎 001 号员工,981389,1,350,知乎 创始人 & CEO
477,刘看山福利社,-7,原「刘看山城市冰屋」，天气暖了冰屋化了，不定期派送福利,102324,-1,67,已认证的官方帐号
478,知乎小管家,zhihuadmin,超厉害！顺便招运营人才和其他各类人才。,328389,1,69,知乎 官方帐号
479,知乎好物推荐,zhi-hu-hao-wu-tui-jian,帮助知友买到心仪好物,187661,-1,0,已认证的官方帐号
480,盐选推荐,zhujiangren,为你推荐知乎优质付费内容,1572403,-1,43827,知乎 官方帐号
481,丁三胖,ding3p,公众号：丁凡的奇妙世界,47170,1,301,0
482,共青团中央,gong-qing-tuan-zhong-yang-67,共青团中央知乎官方帐号,865699,1,378,共青团中央 官方帐号
483,导演张小策,huang-yuan-lang-81,朱一旦的枯燥生活，C座802，编剧/导演,15145,1,21,0
484,麦龟迪,chen-di-hui,"王者荣耀S13荣耀王者79星
公众号：手游最攻略",65227,0,20,0
485,章小殷,zhang-xiao-yin-7,传统旗袍制作者,128,0,0,0
486,lina,lina-42-81-77,好好学习，天天向上,364,0,615,乌鲁木齐市第三小学 信息技术教师
487,O泡裹奶,opao-guo-nai-86-60,小仙女本仙呀！,1,0,1,0
488,楠楠丫,nan-nan-ya-96-80,,15,-1,0,0
489,鸭子姐姐,yi-chun-gong-zuo-shi,温柔的姐姐，为空姐正名，不乱～,344,0,128,0
490,酒窝,ulrica-68-66,,26,0,0,0
491,Final海莉,finalhai-li,What？您关注如此凶残又才华貌美的我！那我得是多可爱！耶！,177,0,4,0
492,拉克丝,teeeeee-72,we are in a dream anyway,96,0,12,0
493,美少女Lilya,mei-shao-nu-lilya,MBA在读、雅思备考待留学、原某上市公司管培生,5628,0,5,大连海事大学 管理学硕士在读
494,羊羊,wang-pei-yang-31,,22,0,0,0
495,陆某某,lu-mou-mou-69-25,,33,-1,0,0
496,fainie,fainie-42,,71,-1,0,0
497,腾讯医典,teng-xun-yi-dian,为大众而生的专业医典,15393,-1,48,已认证的官方帐号
498,Lydia Yang,Alphia,愚蠢是个道德问题。,9562,0,157,0
499,戴雨森,yusen,真格基金合伙人，聚美优品联合创始人,62501,1,155,真格基金 合伙人
500,贾樟柯,jia-zhang-ke-45,欢迎关注微信「柯首映」,135258,1,6,电影导演
501,知乎好物推荐,zhi-hu-hao-wu-tui-jian,帮助知友买到心仪好物,187661,-1,0,已认证的官方帐号
502,大象公会,da-xiang-gong-hui-12,精 神 食 粮,75844,-1,390,已认证的官方帐号
503,毕导,bi-xiao-tian-99,膜技术博士，欢迎关注同名公众号“毕导”,293157,1,159,清华大学 化学工程系博士在读
504,冯不悔,feng-bu-hui-53,亲 关注我 三天后告诉你一个小秘密哦  商务合作可私聊,54463,1,735,0
505,知乎故事大赛,gu-shi-dang-an-ju,,5157,-1,0,已认证的官方帐号
506,快手镜相,kuai-shou-jing-xiang,用科技提升每个人独特的幸福感,22198,-1,64,已认证的官方帐号
507,清欢,mayfly-71-77,,2758,1,25,0
508,考研老冰棍,kao-yan-lao-bing-gun,帅炸宇宙の某211研究生,9598,1,120,0
509,见山,jianshanjiaoyu,P大研二/前XDF考研写作讲师,30868,1,58,北京大学 城市与环境学院硕士在读
510,半夏学长,jin-yi-hao-54,,50181,1,31,0
511,张雪峰老师,zhang-xue-feng-lao-shi-88,知名教育博主,10189,1,2,研途考研 VIP 名师，微博知名教育博主
512,自己个儿,wang-ni-mei-60,西安交大电气工程硕士。熟悉电气考研择校和规划，国网招聘,1787,1,180,电气工程硕士在读
513,经验超市考研,jing-yan-chao-shi,领先的考研专业课辅导品牌,1450,-1,53,已认证的官方帐号
514,弗兰克扬,fu-lan-ke-yang,一个写作就是为了自引的人,266439,1,823,0
515,严徒,hmusicman,考研达人，尊为考神,4731,1,31,中山大学 交互设计硕士
516,大闸蟹i,da-zha-xie-i,超腻害の英语老师：dazhaxie1949,15502,0,152,0
517,白小鱼,youngfish42,机器学习 | 计算机视觉 | 生物 | 边缘计算,12288,1,134,上海交通大学 电子与信息博士在读
518,郭某某,guo-zi-tong-93-14,原高校教师、中国计算机学会会员，擅长创业、计算机、升学规划。,1022,1,123,0
519,考研政治吴坤宇,kao-yan-zheng-zhi-wu-kun-yu-30,一个不那么有名的考研政治名师。,3267,1,129,武汉理工大学 马克思主义理论硕士
520,Mr.Nacky,ruan-jia-rong,健身小白，歌唱达人！,6878,1,60,北京科技大学 翻译硕士在读
521,Sparkler,yin-yixin-7,批判的武器不能代替武器的批判,176,1,15,武汉理工大学 环境工程硕士在读
522,郭二二不二,guo-xiao-chi-19,这个好好吃呀,1357,0,57,0
523,缺月疏桐,que-yue-shu-tong-13,CS硕士 CV AI 足球 游戏,3677,1,83,0
524,小蛋卷DeeJane,deejane0104,我女神叫Taylor Swift,70,0,10,0
525,英语杂货铺,ting-yuan-shen-shen-shen-ji-xu-70,南京师范大学英语系博士(语言学/CDA),9500,1,191,南京师范大学 英语语言文学博士在读
526,花花师姐,wei-wei-45-51-48,喝哇哈哈长大的刀子嘴豆腐心的可爱善良的学姐,978,0,168,0
527,刘看山,liu-kan-shan-78,知乎吉祥物，带你发现更有趣的知乎,8137411,1,78,北极狐，知乎全职吉祥物
528,winningman,zhang-li-53-12-93,半导体行业从业者,62614,1,41,科技盐究员
529,刘慈欣,liu-ci-xin-68,工程师，作家,93598,1,0,中国科幻作家
530,浣熊队长,wan-xiong-dui-chang-96,你可拉倒吧,1305,1,113,0
531,贾扬清,jiayangqing,关注人工智能，大数据和产业解决方案,73231,1,66,优秀回答者
532,Lele Feng,lele-feng-15,喜欢图形学,10049,0,8,0
533,楠爷,evenstar,,402418,1,395,优秀回答者
534,学写作的丧失,zombiewriter,zombiewriter,138735,1,858,0
535,Maker毕,anderson-76,清华创客空间创始人/爱搞小发明/STEM教育从娃娃抓起,3925,1,39,网易有道 教育项目经理
536,张汉东,blackanger,资深工程师/  技术作家 / 青少年教育创业者,27220,1,1828,0
537,周源,zhouyuan,知乎 001 号员工,981389,1,350,知乎 创始人 & CEO
538,罗福莉,fuliluo,正在找工作的程序媛....,6185,0,9,北京大学 信息科学技术学院硕士在读
539,灵剑,ling-jian-94,微博一般不上 http://weibo.com/hubo1016,75418,1,3640,优秀回答者
540,丁香医生,ding-xiang-yi-sheng,有温度、有知识、有态度，新一代大众健康科普。,2513450,-1,622,已认证的官方帐号
541,量子位,liang-zi-wei-48,有趣的AI&amp;前沿科技→_→ 公众号：QbitAI,212866,-1,254,已认证的官方帐号
542,邱昊宇,timothyqiu,打杂程序员,6586,1,436,优秀回答者
543,马前卒,ma-qian-zu,山楂糕、枣泥饼、酸奶冰棍 ——微信公众号【马前卒工作室】,465732,1,1932,0
544,田渊栋,tian-yuan-dong,Facebook人工智能研究院研究员/研究经理，卡耐基梅隆大学机器人系博士,97032,1,43,优秀回答者
545,TimberNord,timbernord,公众号:海鲜冷冻厂,50214,1,44,0
546,老狼,mikewolfwoo,"UEFI固件、服务器、嵌入式产品
(公众号:UEFIblog)",143009,1,258,科技盐究员
547,WPS Office,wps-office,简单创造不简单,66331,-1,155,已认证的官方帐号
548,知群,zhi-qun-90,互联网人的知识社群,4216,-1,119,已认证的官方帐号
549,知群增长研究院,zeng-chang-zhen-tan-she,专注产品推广，行业深入研究，资讯抢先播报,215,1,5,0
550,Photograph Jun,zhu-sheng-jun-80,心中有情，下笔如风,439,1,42,0
551,废熊,wang-zhi-heng-87,听说，两个人在一起睡觉，总会有一个人会比另一个先睡着。,5927,1,85,0
552,喻忘忧,Hemerocallis-Yu,值乎打开有问题，求助请私信,136168,0,422,0
553,小鹿,you-wu-jun-77,美学爱好者 有趣话多路子野,64737,0,70,0
554,陈希 Chris,chenxi,,13559,1,8,0
555,金釗立,godling,修行中,252260,1,591,优秀回答者
556,MoonMonster,moonmonster,长文流... www.jianjia360.com,118321,1,36,优秀回答者
557,尤文文,youwenwen,设计师 Yoyo,161373,1,141,优秀回答者
558,elya,elya,落花流水elya妞~,152803,0,121,0
559,Riceman 米饭侠,riceman,设计师，播客《UX Coffee 设计咖》制作人,58331,1,23,优秀回答者
560,胡点Vivian,hudian,不知老之将至,23848,0,83,0
561,罗飞,luo-fei-77,过气的谐星，永远的陡逼,16544,1,100,0
562,吞茶嚼花,tcjh,故事真的不缺。,108496,1,71,0
563,刘少楠,plidezus,产品设计/重度科幻迷/书虫/互联网医疗,3812,1,21,丁香医生 首席产品架构师
564,5key,5key,阿里巴巴设计中台团队招聘设计师,20933,1,142,用户体验设计师
565,周北树,clearstars,Love Peace Music,131224,1,100,优秀回答者
566,江涛,jiangtao,雪球004号员工,3507,1,64,0
567,PeterLee龍羿,peterleelong-yi,前Keep總主筆/網文作者/漢字搬運工/AEON優秀員工,14313,1,938,永旺商业有限公司 食品部职员
568,夏超,dong-zhi-63-71,精神分析的信徒，弗洛伊德的粉丝,168,1,1,0
569,知乎小管家,zhihuadmin,超厉害！顺便招运营人才和其他各类人才。,328389,1,69,知乎 官方帐号
570,Sterne,Sterne-wie-Staub,"The stars, like dust",6823,1,25,0
571,刘看山福利社,-7,原「刘看山城市冰屋」，天气暖了冰屋化了，不定期派送福利,102324,-1,67,已认证的官方帐号
572,云锋金融,yun-feng-jin-rong,港美股交易平台「有鱼股票」，精选基金交易平台「有鱼智投」,91973,-1,309,已认证的官方帐号
573,什么值得买,shen-me-zhi-de-mai-76-83,认真生活 好好花钱,288902,-1,1195,已认证的官方帐号
574,知乎机构号团队,St.Pancras,我有 30000+ 个小伙伴，超厉害,91900,0,7,知乎 官方帐号
575,Sean Ye,sean-yenan,公众号：瞎说职场 HRinsight,560593,1,436,优秀回答者
576,丁香医生,ding-xiang-yi-sheng,有温度、有知识、有态度，新一代大众健康科普。,2513450,-1,622,已认证的官方帐号
577,好好住,hao-hao-zhu-17,「好好住APP」解决各种家居疑难杂症,307329,-1,421,已认证的官方帐号
578,KY主创,knowurself,人人都能看懂，但只有一部分人才会喜欢的泛心理学,250161,0,54,0
579,Lens,lens-27,即使是一道最微弱的光，我们也要把它洒向需要温暖的生活…,667033,-1,423,已认证的官方帐号
580,知乎电子书,zhi-hu-dian-zi-shu,,189423,-1,13,已认证的官方帐号
581,河森堡,hesenbao,国家博物馆讲解员,397980,1,115,0
582,寺主人,sizhuren,160w女性都关注的微信号“女神进化论”,905151,1,190,0
583,曾旻Zeng Min,minzeng,人类观察。公众号：曾旻（zengmin）,295814,1,165,发展与教育心理学硕士
584,韧心旎,sherillren,美国心旎心理工作室首席咨询师 华盛顿州教育局SEL顾问,231637,0,28,美国心旎性格成长工作室 首席咨询师
585,叶赌徒,yetingjun,这个人很懒，什么都没有写,234657,1,128,实验心理学博士在读
586,冯慎行,emogap,,129653,1,98,优秀回答者
587,猎鹰飞行俱乐部,xi-ying-fei-xing-ju-le-bu,猎鹰飞行俱乐部官方媒体号,185,-1,16,0
588,愁飞 王逍瑕,wang-xiao-xia-22-12,,30645,1,953,0
589,雲绯,yun-fei-68-87,哈迷微信号：戈德里克山谷,85140,0,866,0
590,张方,zhang-fang-3-23,合作微信：zhangfang1990726。微博@皇叔张方,141711,1,412,0
591,郑渊洁,zheng-yuan-ji-94,作家,868,-1,0,0
592,曦曦,xi-xi-42-8,,19,0,3,0
593,阿猴HOSEA,liu-hong-jia,微博@阿猴HOSEA / 前小米程序员 / 伦敦艺术大学中央圣马丁摄影硕士,114844,1,56,英国伦敦艺术大学 摄影硕士
594,NinaRicciJj,ninariccijj,,116,0,0,0
595,木匠小强,mu-jiang-xiao-qiang,我爹是木匠，我也是,202368,1,707,北京良禽佳木家居有限公司 联合创始人
596,饼干,bing-gan-61-29-75,贵乎厉害了，xju833小号,12294,1,69,0
597,潘潘,pan-pan-21-29-28,biu～工业遗产爱好者～废墟探险小能手～,32,0,21,0
598,kamilios,kamilios,变形金刚爱好者，个人公众号TF_Toy,8879,1,27,优秀回答者
599,Perry Song,perry-song,语言爱好者 / 基督徒 / 私募,24746,1,399,0
600,inhiu,inhiu,废墟探险 光绘摄影 公众号：illusion-in-ruins,23342,0,3,0
601,CrayLin,craylin,,8126,1,35,0
602,陈允信,simschen,视觉调研／品牌设计,85550,1,36,0
603,张伟,zhuangweizhihu,so called 世相君,3108,1,7,0
604,龙荻,di-long-27,永远的反对党,5812,0,101,0
605,不再说,smile001,等这个故事说完，我就回去娶你。,93504,1,60,0
606,文嘉,shen-lei-57,,26092,1,35,0
607,SasiThara,SasitharaWANG,匿名用户，没有公众号,38,0,10,0
608,江南春,jiang-nan-chun-73,,6420,1,9,分众传媒 董事长兼首席执行官
609,芈十四,mishisi,生性多疑，唯不疑爱,246577,0,376,0
610,PR公敌,PRjackass,《一个公关狗的自我修养》作者,11837,1,232,0
611,李恒,li1heng,光学工程师 / 不懂光学,4411,1,358,优秀回答者
612,庄明浩（rosicky311）,rosicky311,创业失败的VC行业小兵一枚,283875,1,663,优秀回答者
613,你的KK,Kirio,本人偶尔在线，大多数不在线。,84416,-1,51,0
614,熊熊熊熊熊熊熊,xiong-xiong-xiong-xiong-xiong-xiong-xiong,Soda App Co-founder,13102,0,7,0
615,汪有,wang-you-28,汪有，啥都有,176133,1,233,0
616,庞颖,pang-ying-95,真理 光明 自由,28358,0,61,《奇葩说》辩手
617,小状师张,q.zhang,非常熟悉西方的那一套理论,53526,1,0,0
618,执墨,zhi-mo-92-95,,154,0,1,0
619,芭蕾柚,liao-ai-ma,艺术学院附中•猫奴•研习芭蕾中,22578,0,99,优秀回答者
620,达达,da-da-82-43-52,有生之年，去寻欢,4,0,0,0
621,青格乐,sichagao,二语习得博士,167914,0,97,北京语言大学 语言学及应用语言学博士
622,Joeyuee,joeyuee,Joey,3801,0,2,0
623,Coffee Wu,coffee-wu,22岁的魔都菇凉～坐标欧洲，传播学在读。,47081,0,47,0
624,Jeanny,shi-bu-wo-dai-22,传播学本科在读,226,0,4,0
625,沈小猫,usccloud,关注社交媒体 网络传播 网游 虚拟世界,99,0,3,0
626,陆贽,ru-shi-shuo-59,公众号『Her小号』,55616,1,444,0
627,共青团中央,gong-qing-tuan-zhong-yang-67,共青团中央知乎官方帐号,865699,1,378,共青团中央 官方帐号
628,叶洲,yejoe,转行电影的前谷歌码农,122827,1,289,加州大学洛杉矶分校 戏剧影视艺术硕士在读
629,「已注销」,LOT016,,951,0,1,0
630,王希,wang-xi-65-12,IIE 密码学，喜欢数学,44683,1,696,优秀回答者
631,即刻,ji-ke-64-55,「即刻」app ，就想看点好东西,1706,-1,3,0
632,chenqin,chenqin,数据帝,739759,1,226,优秀回答者
633,麻宁,ma-zhu-65-91,麻宁，天使投资机构娱乐工场副总裁，专栏作家。,37285,0,283,娱乐工场 投资副总裁
634,mlln,mlln,传播学博士 / 写小说的,3406,1,58,0
635,小狼在1968,wolfie,在刻奇的国度里，你是一个怪物。,11264,1,83,0
636,叶伟民,RaymondYip,公号「叶伟民写作」，前ZAKER总编、南方周末特稿编辑、记者,34016,1,77,媒体人，记者
637,小C,xiao-c-49-48,理性的大脑是这样思考的,879,0,104,0
638,傅丰元,fufengyuan,离线 | Offline,329,1,13,0
639,刘卿,liu-qing-48,磨人的小妖精,110883,1,435,0
640,周欣宇,zhou-xin-yu-1,成为VIP以查看该简介,3596,1,544,0
641,施然,stanleyfeng,一个拧巴人,2137,1,46,0
642,知乎机构号团队,St.Pancras,我有 30000+ 个小伙伴，超厉害,91900,0,7,知乎 官方帐号
643,Dennis Chu,dennis-chu,"创建了Swably.com, 如果你有安卓手机，可以玩玩。",59,0,25,0
644,身体很诚实,shen-ti-hen-cheng-shi-95,,1916,1,20,0
645,致郁系美少女,zhi-yu-xi-mei-shao-nu,不怎么爱打字，基本上靠图答题,1059,1,15,0
646,小红拖拉机,xhtlj,找饭 Job_Fun,424618,1,149,优秀回答者
647,张译,guo-zi-501,知乎000号员工+猫与观众的侍者,791632,1,26,演员张译 代表作《士兵突击》《追凶者也》《红海行动》
648,刘易杰,liu-yi-jie-84,我叫高级黑,89646,1,176,0
649,涂子,tu-zi-31-55,苦逼游戏人，资深深井冰,65150,1,472,优秀回答者
650,崔中强,cui-zhong-qiang,雷电防护工作者/天文科普,2609,1,141,0
651,世界说,shi-jie-shuo-77,Hey！一起来看世界吧！,86056,-1,321,已认证的官方帐号
652,杨铮,yang-zheng-91,心理学，AI产品经理,15273,1,455,腾讯 AI产品经理
653,特赞星球,te-zan-xing-qiu,创意资源的数字基础设施,719,-1,4,0
654,Juliana Yang,juliana-yang,工作邮箱：juliana.0047@hotmail.com,247659,1,144,优秀回答者
655,喃猫,nan-mao-38,蓝带厨娘,157324,0,23,优秀回答者
656,波旬,boxun,在微信公号「他化自在天」免费送19020条营销笔记的第六天魔王。,502531,1,151,优秀回答者
657,Mingo鸣哥,gaoming623,前香港记者，跑得飞快,91670,0,95,0
658,喜多萌,xi-duo-meng,公众号「女神进化论」，关注后免费获取护肤功课、彩妆教程,84897,0,34,0
659,郭小雪,guo-xiao-xue-70,必须精致到底,12096,0,7,0
660,穷游锦囊,qiong-you-jin-nang,"有用, 有趣, 能救命的旅行指南。",692264,-1,433,已认证的官方帐号
661,爱燃烧,ai-ran-shao-46,✔爱燃烧的官方机构帐号 | 中国领先的耐力运动社区,241185,-1,386,已认证的官方帐号
662,梁源,baodashi,肯定是小龙人无疑了| 公众号：临池不辍,99482,1,659,中国艺术研究院 美术学硕士在读
663,独立立,du-li-li-96,公众号叫霓虹列车,12383,0,37,0
664,NExT Studios,next-studios,做纯粹的好游戏！,4687,-1,13,已认证的官方帐号
665,猫助,nekosuke,我们诗人都是胖子。,32702,0,21,0
666,Ediartos,ediart,闲云野鹤的加班者,19706,1,121,0
667,BBKinG,bbking,中国电竞幕后史 作者 BK短纪录片 创始人,112841,1,774,0
668,默识先生,mo-zhi-xian-sheng,,54699,1,261,优秀回答者
669,Ray,ray-90-77,跟我一起体验有趣的咖啡文化——公众号「咖瘾Caing」,36600,1,241,0
670,盐选推荐,zhujiangren,为你推荐知乎优质付费内容,1572411,-1,43827,知乎 官方帐号
671,elyn,elyn,公众号tianluo_hhhaze；新书《愉快地吃，痛快地瘦》,384626,0,233,美食作家 代表作《日出之食》《日日之食》
672,山猫为什么不开心,shan-mao-wei-shi-yao-bu-kai-xin,猪厂打杂员工,41,-1,1,0
673,刘仲濠,liuzhonghao,你未看此花时，此花与汝同归于寂。,32917,1,139,0
674,马家辉,ma-jia-hui-10,香港著名作家，文化评论学者 公众号：馬家輝在香港,112858,1,31,作家 代表作《龙头凤尾》
675,flypig,flypig,A Marketer,82517,1,144,0
676,JJ Ying,jjying,UI 设计师,172414,1,530,优秀回答者
677,btr,shbtr,作家,7582,1,232,0
678,张潇雨,xiaoyuzh,But dearer still is the truth.,58708,1,87,0
679,SunLau,sunlau,室内设计师 ，自由码字人,498430,1,885,优秀回答者
680,何瑫,he-tao-62-44,《智族GQ》编辑副总监,108598,1,93,特稿写作者，《智族GQ》编辑副总监
681,马力,mali,知群是培养TOP10%产品经理和设计师的教育社群,677720,1,1476,「最美应用」&「最美有物」 创始人
682,张大春,zhangdachunmaster,华语小说家，书法家，说书人。,566,1,0,作家，代表作：《认得几个字》《城邦暴力团》《大唐李白》《文章自在》等
683,龙窝里的倪纳,dragonandleo,心怀天下，没时间儿女情长,63665,0,301,伦敦大学亚非学院 性别学博士在读
684,西瓜大爷,xi2ma,一直混饭吃,216,1,39,0
685,王陶陶,wang-tao-tao-91-97,,103528,1,958,0
686,宋一松,yisong,"虚拟社会学家@Facebook
公众号：多元叙事",53670,1,47,0
687,王慧文,wanghuiwen,美团体操队队长,4578,0,32,0
688,Simon Luo,simonluo,二月春风似Jane Doe,18543,1,103,优秀回答者
689,TimberNord,timbernord,公众号:海鲜冷冻厂,50214,1,44,0
690,李睿珺,li-rui-jun-71,电影导演、编剧,31108,-1,7,导演、编剧 代表作《路过未来》《家在水草丰茂的地方》
691,世界高远,chen-xi-sos,物是人非,12765,1,99,0
692,Lens,lens-27,即使是一道最微弱的光，我们也要把它洒向需要温暖的生活…,667033,-1,423,已认证的官方帐号
693,雷奕安,lei-yi-an-52,共创未来,9526,1,206,北京大学物理学院副教授、北京大学高性能计算平台主任
694,陀螺螺,chen-cong-hui-80,公众号：陀螺DD盘,2,0,2,0
695,OwlLite,wenmiau,",",384147,1,177,中国科学院大学 模式识别与智能系统博士
696,张鹏,zhang-peng,极客公园创始人,145183,1,103,极客公园 创始人
697,田艺苗,tian-yi-miao-26,,32230,0,9,青年作曲家、学者，代表作《望江南》
698,JOIN于宙,yuzhouedison,"JOIN App内搜&#34;123456&#34;, 答题通过即可聊天",64649,1,8,0
699,无士,wu-shi-59-83,,225,1,12,0
700,平骧,sui-bing-65,前央企法律顾问、前检察官、现律师；公众号:青果法律。,124789,1,140,优秀回答者
701,韩东燃,han-dong-ran,认识你自己,158415,1,1248,哈佛大学 医学院博士后
702,谦谦卦,qian-qian-gua,,11,1,0,0
703,clement,clementpzy,路一直都在,13,1,0,0
704,dean yuan,dean-yuan,,71,1,0,0
705,刘苏丹,liusudan,,30,0,9,0
706,Barry,bawwy,You are the real deal,57,1,14,0
707,Claudia Luo,claudia-luo,,10,0,0,0
708,Tea Rosy,tea-rosy,因为始终没有放弃要幸福的信念，我们终将勇敢地跨越了明天,13,0,0,0
709,明月仙生,ming-yue-xian-sheng,我本逍遥一散仙,46,1,0,0
710,Nick Xue,nick-xue-94,自持，敬畏，悲悯,30,1,0,0
711,闹双双,naoshuangshuang,,47,0,0,0
712,烧寄,shaojishaoji,我就是传说中小秘书最关心的博主。,547,1,0,0
713,王炤,wang-zhao-47,节制的人生才有高潮,24,1,0,0
714,青柠,qing-ning-40-83,懒,12,1,0,0
715,奥卡姆剃刀,ao-qia-mu-ti-dao-81,,1023,1,0,0
716,艾品,itaitai,有书有笔友肝胆,54,1,0,0
717,另时代化石,ling-shi-dai-hua-shi,Whuer，南极圈,20,1,0,0
718,Shi Jeremy,shi-jeremy,,6,1,0,0
719,明天,ming-tian-98-48,明天是美好的,64,1,0,0
720,Tong Dr,tong-dr,变态心理医生,73,1,0,0
721,chen pierce,chen-pierce,,32,1,0,0
722,知乎科学,zhi-hu-ke-xue,来知乎，看科学多热闹,752800,-1,2,已认证的官方帐号
723,蓝天白云很快了,lan-tian-bai-yun-hen-kuai-liao,武力值低，志气高。,14268,0,746,0
724,奥迪,ao-di-66-50,突破科技 启迪未来,118282,-1,54,已认证的官方帐号
725,康贱猫,kang-yining,一级注册键盘车手,100229,1,726,汽车工程师
726,李如花,jiao-wo-xiao-ke-ai-ba-73,汽车话题特别优秀回答者,20831,1,74,汽车工程师
727,孙亚飞,sun-ya-fei-48,分子美食家,165583,1,505,化学系博士在读
728,快手镜相,kuai-shou-jing-xiang,用科技提升每个人独特的幸福感,22198,-1,64,已认证的官方帐号
729,吉利汽车,ji-li-qi-che-63,快乐人生，吉利相伴,4003,-1,1,已认证的官方帐号
730,青雀,GreenFinch,有什么不懂的你尽管吻我,348314,0,292,0
731,大西洋鳗鱼,lonelyeel,金融男，走过71国。被和谐的回答都在公众号“大西洋鳗鱼”,172359,1,182,0
732,深海方碑,sun-chi-bang,仰望大地，俯瞰苍穹,7567,1,27,0
733,木西AlexanDENG,alexandeng,制片人/风光摄影师/摄影自媒体人/商科生/全球旅行者,203826,1,460,深圳市眼见文化传播有限公司 制片人
734,宇宙托儿所,shen-zi-84-9,尽力吃喝读书去看世界,16840,0,106,汕头大学 新闻传播学硕士
735,莱坊,lai-fang-39-41,,76,-1,0,0
736,陈咏开,chen-yong-kai-29,马来西亚辩手。,7011,1,30,0
737,任易,ren-yi-8,公众号「任易」，只写对工作有用的,153119,1,630,0
738,无感,a-ba-11-45,NTR患者，草缸玩家，伪艾斯，设计师，密室迷，摄影爱好者,299,-1,210,0
739,倪修智,ni-xiu-zhi,公司律师：公司架构/股权激励/投融资/股权争议,88726,1,191,泰和泰（深圳）律师事务所 律师
740,曲玮玮,qvweiwei,写作的人。,86220,0,67,0
741,知乎日报,zhi-hu-ri-bao-51-41,带你正确地逛知乎,14251914,-1,3,已认证的官方帐号
742,张雨婷,zhang-yu-ting-49-94,,3,0,0,0
743,Schwarzenegger,schwarzenegger-89,,17343,1,3,演员，代表作《终结者：黑暗命运》《终结者2：审判日》
744,谭汐,chara-41,暂无介绍,1184,0,10,0
745,淋雨大大,lin-yu-tian-tian-da-qing-tian,社交社区/创业/金融/法律,2523,0,4,0
746,运动分子,yun-dong-fen-zi-cheng-lan-wen-hua,发现运动的有趣一面。看运动发声！,167527,-1,193,已认证的官方帐号
747,王瑞恩,wang-rui-en,老王力气大无穷，双手举起纸灯笼,491407,1,1232,优秀回答者
748,梦尧,F_falcon,自学AE入门书：《After Effects 高效学习指南》,180403,1,222,0
749,快乐一剑飘,Xphouyuan,社会学深度阅读公众号：社科小圈儿（Xphouyuan）,49134,1,1563,0
750,世界的愚者,victorguan-22,愚者在世界的旅途,23627,1,471,0
751,圈外孙圈圈,sarah-sun-54,关注公号【圈外孙圈圈】回复&#34;成长&#34;，送你200篇职场干货文章,62113,0,34,0
752,汪有,wang-you-28,汪有，啥都有,176133,1,233,0
753,梁悦,ying-shi-tong-xue,公号：梁悦 | 微信：wx60105991,194713,1,361,0
754,张小北,zhang-xiao-bei,编剧、导演,1010734,1,1398,优秀回答者
755,TimberNord,timbernord,公众号:海鲜冷冻厂,50214,1,44,0
756,李雷,li-lei-up,前-科研人员,247634,1,1410,中国科学院 遗传学博士在读
757,王希,wang-xi-65-12,IIE 密码学，喜欢数学,44683,1,696,优秀回答者
758,Mary,mary-88-27-28,逃出生天,2241,0,13,0
759,mooncatcher,mooncatcher,Classicist in training.,18803,-1,166,0
760,100offer,100offer,让最好的人才遇见更好的机会,95411,-1,212,已认证的官方帐号
761,孙志超的新账号,zhichaosun,,11645,0,154,0
762,故事档案局,gu-shi-dang-an-ju-71,,23355,-1,500,知乎 官方帐号
763,北京互联网法院,bei-jing-hu-lian-wang-fa-yuan,,38270,-1,0,已认证的官方帐号
764,邱晨,heretic,以设计为生，以辩论为乐,162106,0,42,邱晨，奇葩说辩手、米果文化联合创始人
765,梁建章,tian-xu-72-17,旅行，创新,231,1,1,携程集团 联合创始人、董事局主席
766,知乎旅行,zhi-hu-lu-xing-96,玩转世界的另一种视角,78069,-1,1,已认证的官方帐号
767,林军,lin-jun,一互联网老兵，雷锋网总打杂,10826,-1,17,0
768,吴刚,xiao-meng-meng-61-91,,10096,1,1,演员
769,最高人民检察院,zui-gao-ren-min-jian-cha-yuan,,99989,-1,0,已认证的官方帐号
770,阿詹,a-zhan-40,青云大仙,20529,0,10,奇葩说辩手 詹青云
771,知乎小知,zhi-hu-xiao-zhi-80,小知是刚刚诞生的人工智能，希望和你一起探索更大的世界,844,-1,8,已认证的官方帐号
772,阿乐,a-le-85-17,互联网,163,1,9,0
773,盐选科普,yan-xuan-ke-pu-28,,13385,-1,358,知乎 官方帐号
774,人民网,ren-min-wang,权威实力 源自人民,49568,-1,35,已认证的官方帐号
775,张雪峰老师,zhang-xue-feng-lao-shi-88,知名教育博主,10189,1,2,研途考研 VIP 名师，微博知名教育博主
776,人民政协报,ren-min-zheng-xie-bao,,47873,-1,5,已认证的官方帐号
777,知乎好物推荐,zhi-hu-hao-wu-tui-jian,帮助知友买到心仪好物,187661,-1,0,已认证的官方帐号
778,朱一旦的枯燥生活,gen-gen-74,黑色幽默 感谢关注！,120810,1,19,0
779,Alex waker,waker-alex,公众号：Alex_waker    你的偷心人,132925,1,500,0
780,二哥评车,er-ge-ping-che,快手说车第一人,1430,-1,1,快手说车主播
781,知乎考研,zhi-hu-kao-yan,考研路上，看看知乎,14841,-1,40,已认证的官方帐号
782,No-Fun,liu-ming-zhu-45,,1330,0,10,0
783,Lydia LR,lydiaLR,小不忍则乱大谋,93,0,1,0
784,蒙雅,meng-ya-69-65,在校学生,276,0,13,0
785,食饭游记,shi-fan-you-ji,影视戏剧文学本科,754,0,16,0
786,布冷,li-yong-zhi-22,哲学研究生,3680,0,26,0
787,孙凌宇,sun-ling-yu,杂志编辑,83,0,3,0
788,鬼画符vw,zhuang-wei-3-96,爱吃爱运动,54,0,4,0
789,江城,jiugui,解盘，翻译,108,0,0,0
790,鳕鱼宝,xueyu-wang-75,香港大学医学phd在读,5181,0,17,0
791,余狼,shi-d-meng12,,806,0,2,0
792,已注销,li-mei-li-93-12,,569,0,34,0
793,西柚,cui-jing-yan-26,切莫交浅言深。,70,0,0,0
794,biu biu,vivian-niu-33,干掉无趣,94,0,1,0
795,挪挪,li-ao-nuo-54,,48,0,0,0
796,带绒,li-dong-man,简单深刻普遍,289,0,19,0
797,Ariana,ariana-47,,84,0,0,0
798,阿笨妞,niuniu525,,46,0,0,0
799,萧然,xiao-ran-97-18,,41,0,0,0
800,oooooohy,oooooohy,,45,-1,0,0
801,奈衣污少女,mars199188,爸爸的公众号:脑洞少女白日梦呓,47766,0,566,0
802,庞颖,pang-ying-95,真理 光明 自由,28358,0,61,《奇葩说》辩手
803,封楚诚,fengchucheng,Political risk analytics 政治风险分析，关注新兴市场,872,1,7,0
804,chenqin,chenqin,数据帝,739760,1,226,优秀回答者
805,talich,talich,talich.fm,556445,1,1150,优秀回答者
806,许冰清,joshuaxubq,码字的 / 精品咖啡（资料型）爱好者,301,0,30,0
807,王铭驰,tonywangs,朕即洋葱,152,1,39,0
808,Mingo鸣哥,gaoming623,前香港记者，跑得飞快,91670,0,95,0
809,keso,keso,洪波 微信公众号：kesoview,336147,1,950,优秀回答者
810,苗炜,miao-wei,我是个作家，真的,216663,-1,181,作家 代表作《面包会有的》《寡人有疾》
811,张鹏,zhang-peng,极客公园创始人,145183,1,103,极客公园 创始人
812,Fenng,fenng,「小道消息」，微信号：WebNotes,343561,1,944,无码科技 CEO
813,困困,kun-kun,玲珑创始人。玲珑微信公众号：linglongclub,133273,0,195,0
814,黄辛,huang-xin-20-97,藏在最黑暗的地方。,54568,1,363,0
815,杨媛,yang-yuan-40,如海一滴,1674,0,47,0
816,顾lily,lilyforever,要快乐呀！,8678,0,154,0
817,ddaisyy,daASDSLA,越来越不懂。,3624,0,305,0
818,章鱼喵,emptymalei,中微子，宇宙学，超新星，科学计算，行星生态改造,14127,1,35,优秀回答者
819,钱争予,realfish,Anti-disciplinary Designer,84163,1,406,优秀回答者
820,樊贺,fan-he-40,产品汪,59520,1,195,0
821,林海,lin-hai-92-9,跟着互联网独立思考。,23468,1,15,0
822,不老的老回,husky0708,做中国人民喜爱的消费者 贡献于提高奸商的作恶成本,125585,1,168,「三星手机爆炸」事件当事人
823,盐选推荐,zhujiangren,为你推荐知乎优质付费内容,1572414,-1,43827,知乎 官方帐号
824,葛旭,gexu,公众号：孤独的阅读者,2272,1,2,0
825,gazn,gazn,医学生，半码农,28,0,1,0
826,王丹青,wdanqing,摄影人，哈佛大学博士在读,26399,0,8,0
827,爱丽,aili.shao,Maths Ph.D. Candidate ,11438,0,22,牛津大学 数学博士在读
828,hz zhan,hz-zhan,工程师/攻城狮/躬成虱,286,1,65,0
829,張哲耀,zhang-zhe-yao-12,辯士,178,1,0,0
830,姜泠铄,jiang-ling-shuo,如果论证有缺陷，还是看立场；立场不同的人说你错，立场相同的人说你差。,700,0,51,0
831,yuna,yuna-74-41,潜水员,10,-1,0,0
832,龙泉驿,quyang1997,One equal temper of heroic hearts,58,-1,14,0
833,侯戈,hou-ge-51-95,,13813,1,58,0
834,媛媛,sun-yuan-yuan-61-82,打辩论的金融狗,70,0,0,0
835,原帅,yuanshuai1020,眼睛是星星的国✨,75623,0,159,美国私立高中老师
836,He Zhang,he-zhang-33,,19,1,0,0
837,张天禹,fei-yu-53-54,辩手,115,1,17,0
838,白山猪一郎,haoyangzhao,ENFP/LRPS/SM1,248,1,12,0
839,KnowYourself,knowyourself-1,关注自我和内心，觉察即自由。,1451640,-1,1188,已认证的官方帐号
840,韧心旎,sherillren,美国心旎心理工作室首席咨询师 华盛顿州教育局SEL顾问,231637,0,28,美国心旎性格成长工作室 首席咨询师
841,沃小克,wokesep5,Web 新鲜人,16,0,0,0
842,邓佳迪,deng-jia-di,想要做 好游戏 的程序员或美工,2295,1,8,0
843,川丹丹,chuan-dan-dan,克莱登大学女生宿舍宿管,2834,1,147,0
844,翁昕,weng-xin-79,艺术经纪人；新书《如何看懂艺术》各大平台发售中,298899,1,107,优秀回答者
845,陈加新,Acmenyz,Previously PM &amp; Product Design at Zhihu,2329,1,13,0
846,安森垚,an-sen-yao-49,打铁削木头,131220,1,199,0
847,dyeytyuustsysrtd,westworldhbo,,2578,0,0,0
848,Ender1,ender1,作家／心理学爱好者／,2340,1,2,0
849,谭亭,kw_33,ACG爱好者，武侠迷，起点下一个扑街写手,62830,1,149,0
850,CaesarZX,caesarzx,Your archenemy.,3083,1,220,0
851,北田共,kitada-tomoni,日本ノ芸能界本日モ反省ノ色ナシ,3960,1,56,0
852,Simon Luo,simonluo,二月春风似Jane Doe,18543,1,103,优秀回答者
853,Rio,rio,风险投资人／播客主播／前知乎工程师,372149,1,844,优秀回答者
854,酱紫君,GalAster,QQ群1014125,55780,1,136,优秀回答者
855,月光博客,williamlong,微信公众号：williamlonginfo,28320,1,106,0
856,泉的向日葵,izumi,Desires are already memories.马猴烧酒完赛～,15312,0,268,0
857,再见,qia-bi-34-37,再见,2103,0,0,0
858,纪昭,mirameow,人冷心淡//并不乐于助人//私信前请三思,13690,0,46,0
859,黄玄,huxpro,前端娱乐圈 NPC，PL 初心者，不懂就问，知错就改,23879,1,252,优秀回答者
860,田渊栋,tian-yuan-dong,Facebook人工智能研究院研究员/研究经理，卡耐基梅隆大学机器人系博士,97032,1,43,优秀回答者
861,尤雨溪,evanyou,一个前端,110495,1,330,优秀回答者
862,张小黑,zhang-zi-dan-39,一个辞职滑雪的普通人,8003,1,79,0
863,遠夏,yuanxiafeel,动物领域科普/微信平台：farsummer，远夏的动物园,33840,1,243,0
864,spRachel雷切尔,sprachel,OneDayStand唯一作者。想成为艺术爽文大大（太太也行,119219,0,141,优秀回答者
865,KLOOK客路旅行,klook-ke-lu-lv-xing,"预订全球100,000种有趣的旅行活动",250144,-1,176,已认证的官方帐号
866,韩子君Vivian,zi-jun-vivian,中国第一位从南坡和北坡登顶珠峰的女性,13631,0,14,0
867,李如花,jiao-wo-xiao-ke-ai-ba-73,汽车话题特别优秀回答者,20831,1,74,汽车工程师
868,康贱猫,kang-yining,一级注册键盘车手,100229,1,726,汽车工程师
869,菲利普医生,fu-shi-bo,外科/射箭/185/尺八/笛子/猫奴,201072,1,353,上海交通大学 外科学博士
870,汪有,wang-you-28,汪有，啥都有,176133,1,233,0
871,京一不二,ms-xs,电影特效话题优秀登山者,23264,1,370,Pixel Light Effects CEO
872,人工智障C137号,ren-gong-zhi-neng-47,SBINZ单板二级教练 ||AIDA自由潜教练,276,1,64,0
873,Wallpaper卷宗,juan-zong-wallpaper,世界设计者,9829,-1,94,已认证的官方帐号
874,一只咖啡狗的自白,coffeedog520,知乎专栏：咖啡知识大讲堂,26963,1,215,0
875,太空精酿,pi-bo-shi-tai-kong-jing-niang,著有《啤博士的啤酒札记》,260801,1,452,代尔夫特理工大学 航天工程博士在读
876,疯癫的A兵者,jie-zhi-61,B站空间：https://space.bilibili.com/84785878,215807,1,455,优秀回答者
877,司空白,tsongmsc,是生命，就该万丈辽阔,69754,1,134,哈佛大学设计学院 建筑学硕士
878,阿九必胜,su-shu-48-59,一个只在想法里营业的美食博主,16414,0,101,0
879,白驼山掌柜,baituoshanzhanggui,想走遍大航海时代的每个港口,4286,1,111,0
880,Jennyworldtravel,jennyworldtravel,环游世界的Jenny,1615,0,5,0
881,河狸屯潜水员,xiao-wang-63-77,美帝某芝麻学区学生顾问/student counselor,40170,0,160,0
882,知乎大学小管家,AnonymousLive,知识市场小助手已更名为「知乎大学小管家」，知乎大学的问题都可以问我~,159076,0,14,知乎 官方帐号
883,故园风雨前,gu-yuan-feng-yu-qian,写作业者,6107,0,4,0
884,冯那,feng-na-36,死ぬまで反抗期,127,-1,23,0
885,灯下说书人,xiao-shi-9,街边远行客，灯下说书人,191113,0,68,0
886,甜草莓,tiancaomei,认真写想写的/不是专家/有时候瞎说话,95547,1,349,科技盐究员
887,赵世奇,zombie,学过化学，懂点生物,474315,1,609,优秀回答者
888,浅色回忆,Yumemi-Hoshino,知行合一，守序善良,97496,1,773,优秀回答者
889,Jacob贾超,jia-chao-51,好看的皮囊 有趣的灵魂 我一样都没有,70076,1,335,优秀回答者
890,熊希灵,xiong-xi-ling,社会与认知,184646,1,92,中山大学 基础心理学博士
891,laq是只仓鼠,cang-shu-laq-12,心有仓鼠，细嗅向日葵_(•̀ω•́ 」∠)_,170340,1,705,0
892,平骧,sui-bing-65,前央企法律顾问、前检察官、现律师；公众号:青果法律。,124789,1,140,优秀回答者
893,邢立达,xinglida,古生物学者，科普作家,6908,1,5,古生物学者，科普作家
894,石中居士,shi-zhong-ju-shi,地球物理界的维京人。维京界的地球物理人。两开花。,25998,1,542,吉林大学 固体地球物理学博士在读
895,程浩,cheng-hao-81,伯爵在城堡：http://weibo.com/now2012,212414,1,194,0
896,梅华龙,hualong-mei,哈佛大学近东系博士生 博士论文答辩已通过,27555,1,199,哈佛大学 古代近东语言与文明学院博士
897,与人为善,scorpioseer,出柜/曾带宠物开房车环游过中国/文博控/兴趣广泛/特长很多,44750,1,446,0
898,痕量Brant,nusbrant,犬系男子/医学科研/科普/皮肤/合作请私,164462,1,237,新加坡国立大学 医学院博士在读
899,木成,mu-cheng-75-31,成如高木，向云而生。,6313,1,119,0
900,晨曦寒萧,chen-xi-han-xiao,若能穿越平行时空，想告诉15岁的那个自己——前路，有你无法想象的精彩！,31,1,2,0
901,Lightwing,dlightwing,公众号：Lightwing   微博：李轶睿,288458,1,363,0
902,平老虎,pinglaohu,略懂摄影器材和技术,74466,1,2283,科技盐究员
903,周源,zhouyuan,知乎 001 号员工,981389,1,350,知乎 创始人 & CEO
904,宁南山,ningnanshan,在深圳搬砖，重新认识自己的国家。公众号宁南山。微博深圳宁南山,199769,1,35,0
905,螺旋真理,luo-xuan-zhen-li,博物馆学研究者，微信：luoxuanzhenli2004,238582,1,3598,优秀回答者
906,梅洋汤,teeny-tiny,海洋微生物博士,74508,0,200,优秀回答者
907,知乎市场团队,zhihu_marketing,有问题 上知乎,57675,1,8,知乎 官方帐号
908,夕颜.源氏物语,yu-ping-11-85,金刚怒目，所以降服四魔；菩萨低眉，所以慈悲六道,2924,0,55,0
909,知乎机构号团队,St.Pancras,我有 30000+ 个小伙伴，超厉害,91900,0,7,知乎 官方帐号
910,张珂珂,zhang-bu-da-yan-ke-ke,壹合木艺，认真做好每一件实木家具,7234,0,80,0
911,知识库,zhi-shi-ku-21-42,看事实、讲客观、做专业,84163,-1,6,知乎 官方帐号
912,《科学世界》杂志,ke-xue-shi-jie-za-zhi,唯有通过科学 方可认识世界,212603,-1,160,已认证的官方帐号
913,孙天任,sun-tian-ren,古生物学/《Newton-科学世界》编辑,19751,1,541,0
914,queen red,queen-red-76,擅长话题是哆啦A梦,117607,0,2082,优秀回答者
915,百科不大全,baikebudaquan,兴趣使然的博物爱好者,61364,1,332,腾讯科技（上海）有限公司 监制
916,苏澄宇,su-cheng-yu,动物科学 / 动物营养 / 冷门问题收割者,211923,1,286,动物科学学院硕士
917,河马老师,hippoh,河马老师,129295,1,424,优秀回答者
918,Mandelbrot,mandelbrot-11,飞羽觞而醉月,178849,-1,273,格里菲斯大学 计算机科学博士
919,凌晨晓骥,Ling-chen-xiao-ji,Infrared Astronomy,50462,1,244,优秀回答者
920,天倉五,taucet,,48446,1,38,优秀回答者
921,One Two,regulusone,效果拔群。,80489,1,135,东华大学 科学技术史硕士
922,MAX户外,maxhu-wai,「MAX户外APP」户外生活第一站 满足您户外活动的一切需求,8187,-1,70,已认证的官方帐号
923,旅行小管家,lucyttt,攻略小能手，旅行小管家，发射爱与自由的电波~~~,16,0,0,0
924,知乎旅行,zhi-hu-lu-xing-96,玩转世界的另一种视角,78069,-1,1,已认证的官方帐号
925,张昕宇梁红,ontheroad270,环球探险家，一对青梅竹马的侣行夫妇。,355907,1,40,环球探险家，代表作《我们的侣行》
926,刺猬体验,ci-wei-ti-yan-89,义工旅行，遇见另一种生活！,534,-1,3,已认证的官方帐号
927,菜菜美食日记,cai-cai-mei-shi-ri-ji,江湖人称“菜三碗” ，三碗，不是饭量，是态度呐~,217263,-1,206,已认证的官方帐号
928,北辰青年,bei-chen-qing-nian-84,公众号「北辰青年未来大学」，致力于青年人成长,7498,-1,98,已认证的官方帐号
929,李小卿的小号,FOCAL-POINT,电影/音乐/戏剧/表演/留学/制作,24923,0,636,道奇电影学院 电影制作硕士
930,吴思涵,wu-si-han-47,知识星球「真知拙见」,135561,1,849,Ludwig 癌症研究所 博士后
931,卞卡,198Q,已经不在知乎,210785,1,72,0
932,fifizoo,fei-fei-25-55,已婚  和猫,7605,1,30,0
933,刺猬体验 可达鸭,ci-wei-ti-yan,一起义工旅行吧~,14685,0,88,北京大学 工商管理硕士
934,知乎日报,zhi-hu-ri-bao-51-41,带你正确地逛知乎,14251958,-1,3,已认证的官方帐号
935,张小菁,zhang-xiao-jing-41-63,活着的,6378,-1,145,0
936,北辰,bei-chen-9521,桃李春风一杯酒，江湖夜雨十年灯。,11920,1,47,平方创想教育科技(北京)有限公司 运营专员
937,土巴兔装修家居,tu-ba-tu-86-49,让居住更美好 | 装修就上土巴兔,18269,-1,557,已认证的官方帐号
938,永烨教育,yong-ye-jiao-yu,,83,-1,95,已认证的官方帐号
939,知乎小管家,zhihuadmin,超厉害！顺便招运营人才和其他各类人才。,328389,1,69,知乎 官方帐号
940,知一声,verycool,能文能武，懂一点产品，懂一点技术，非常了解知乎产品功能。,98355,0,5,知乎 官方帐号
941,熊仔,fei-nan-68,编辑|一篇文章卖出1800套口红|好物推荐官,10351,0,34,0
942,旅行小管家,lucyttt,攻略小能手，旅行小管家，发射爱与自由的电波~~~,16,0,0,0
943,刘看山,liu-kan-shan-78,知乎吉祥物，带你发现更有趣的知乎,8137450,1,78,北极狐，知乎全职吉祥物
944,知乎旅行,zhi-hu-lu-xing-96,玩转世界的另一种视角,78069,-1,1,已认证的官方帐号
945,穷游网,qiong-you-wang-46,对世界上瘾,135932,-1,90,已认证的官方帐号
946,Airbnb爱彼迎,airbnb-58,与爱彼迎一起出发，创造一个身在何方都心有归属的世界。,209037,-1,45,已认证的官方帐号
947,搜狐新闻,sou-hu-xin-wen-59,守护独立思考的能力,483,-1,23,已认证的官方帐号
948,故事档案局,gu-shi-dang-an-ju-71,,23356,-1,500,知乎 官方帐号
949,北京互联网法院,bei-jing-hu-lian-wang-fa-yuan,,38270,-1,0,已认证的官方帐号
950,邱晨,heretic,以设计为生，以辩论为乐,162106,0,42,邱晨，奇葩说辩手、米果文化联合创始人
951,梁建章,tian-xu-72-17,旅行，创新,233,1,1,携程集团 联合创始人、董事局主席
952,知乎旅行,zhi-hu-lu-xing-96,玩转世界的另一种视角,78069,-1,1,已认证的官方帐号
953,林军,lin-jun,一互联网老兵，雷锋网总打杂,10826,-1,17,0
954,吴刚,xiao-meng-meng-61-91,,10096,1,1,演员
955,最高人民检察院,zui-gao-ren-min-jian-cha-yuan,,99991,-1,0,已认证的官方帐号
956,阿詹,a-zhan-40,青云大仙,20529,0,10,奇葩说辩手 詹青云
957,知乎小知,zhi-hu-xiao-zhi-80,小知是刚刚诞生的人工智能，希望和你一起探索更大的世界,844,-1,8,已认证的官方帐号
958,阿乐,a-le-85-17,互联网,163,1,9,0
959,盐选科普,yan-xuan-ke-pu-28,,13385,-1,358,知乎 官方帐号
960,人民网,ren-min-wang,权威实力 源自人民,49568,-1,35,已认证的官方帐号
961,张雪峰老师,zhang-xue-feng-lao-shi-88,知名教育博主,10189,1,2,研途考研 VIP 名师，微博知名教育博主
962,人民政协报,ren-min-zheng-xie-bao,,47873,-1,5,已认证的官方帐号
963,知乎好物推荐,zhi-hu-hao-wu-tui-jian,帮助知友买到心仪好物,187661,-1,0,已认证的官方帐号
964,朱一旦的枯燥生活,gen-gen-74,黑色幽默 感谢关注！,120812,1,19,0
965,Alex waker,waker-alex,公众号：Alex_waker    你的偷心人,132925,1,500,0
966,二哥评车,er-ge-ping-che,快手说车第一人,1430,-1,1,快手说车主播
967,知乎考研,zhi-hu-kao-yan,考研路上，看看知乎,14841,-1,40,已认证的官方帐号
968,稚晖,zhi-hui-64-54,AI工程师/手动档钢铁侠/Arduino版主/爱玩硬件,31499,1,16,oppo 算法工程师
969,最美应用,zuimeia,公众号：最美应用，欢迎关注,18367,0,201,0
970,KnowYourself,knowyourself-1,关注自我和内心，觉察即自由。,1451641,-1,1188,已认证的官方帐号
971,郑亚旗,zheng-ya-qi-52,CEO\创业\摄影\潜水\极限运动\家庭教育\数码控,41019,1,57,0
972,何宽,he-kuan,信息不对称才是商业社会的核心。,5933,1,45,0
973,阿詹,a-zhan-40,青云大仙,20529,0,10,奇葩说辩手 詹青云
974,方可成,fangkc,宾大博士生，前《南方周末》记者，政见CNPolitics发起人,57362,1,124,宾夕法尼亚大学 传播学博士在读
975,羊葛莉,yang-ge-li-42,長期偏頭痛,508,-1,0,0
976,东七门,zhao-yang-gong-yuan-dong-qi-men-er,"微信公众号 : dongqimen , 年轻人独特的观点聚集地  ",15862,-1,30,已认证的官方帐号
977,Kyle君,mingkyle420,The Journey is the Reward.,9011,1,5,网易 品牌策划
978,扭蛋机,Kriscdx,影迷，封面出自《乱れる》。,11677,1,28,0
979,周玄毅,zhou-xuan-yi-85,二手哲学家,12543,1,1,0
980,lu hu,lu-hu-10-73,报出名号吓死你,326,0,25,0
981,汪有,wang-you-28,汪有，啥都有,176133,1,233,0
982,谢熊猫君,xiepanda,公众号：谢熊猫君（ID: mrxiexiongmao）,494700,1,462,0
983,周源,zhouyuan,知乎 001 号员工,981389,1,350,知乎 创始人 & CEO
984,带三个表,wangxiaofeng,没帮助，气死你。,318174,1,2323,0
985,纪小城,ji-xiao-cheng-83,稍后介绍,95,1,1,0
986,庞颖,pang-ying-95,真理 光明 自由,28358,0,61,《奇葩说》辩手
987,jasonfu,jasonfu,Master Candidate in HCI,153,1,14,0
988,鱼丸,therefishball,什么也不是生活的全部,283749,0,73,优秀回答者
989,Luke LOU,lukelou,地理学，撰稿人，文博控，在路上,155930,1,62,优秀回答者
990,星球研究所,xing-qiu-yan-jiu-suo,一群国家地理控，专注于探索极致世界。文章首发同名公众号,156016,1,91,0
991,嘻ha旅行,xi-halu-xing-40,年轻人的旅行家 | 微信公众号：嘻ha旅行,21488,-1,95,已认证的官方帐号
992,狐吃狐玩,hu-chi-hu-wan,,513,-1,31,已认证的官方帐号
993,知乎亲子,zhi-hu-qin-zi,陪你一起长大,843483,-1,4,已认证的官方帐号
994,知乎校园,zhi-hu-xiao-yuan-46,发现更大的世界,1403024,-1,19,已认证的官方帐号
995,刘看山,liu-kan-shan-78,知乎吉祥物，带你发现更有趣的知乎,8137467,1,78,北极狐，知乎全职吉祥物
996,大壮,gogobigz,折腾一家营销机构,141887,1,55,优秀回答者
997,与人为善,scorpioseer,出柜/曾带宠物开房车环游过中国/文博控/兴趣广泛/特长很多,44750,1,446,0
998,旅行小管家,lucyttt,攻略小能手，旅行小管家，发射爱与自由的电波~~~,16,0,0,0
999,知乎萌宠,zhi-hu-meng-chong,爱干净、会埋屎、能卖萌,645225,-1,1,已认证的官方帐号
1000,知乎职场,zhi-hu-zhi-chang,知乎职场，给你职场「知」招,1598194,-1,35,已认证的官方帐号
1001,丁吉昌,dingjichang,大宇无限创始人/CEO，前豌豆荚创始成员,4652,1,14,0
1002,贾扬清,jiayangqing,关注人工智能，大数据和产业解决方案,73231,1,66,优秀回答者
1003,黄劼,saintknight,JAVA开发,110,1,58,上海宝信软件股份有限公司 研发经理
1004,曲凯,kaiqu,海归创投人。42章经（ID：MyFortyTwo）有企图心的人都在关注这个公号,127587,1,160,优秀回答者
1005,耐久,luo-lan-63-22,,27104,1,27,优秀回答者
1006,周翔,xiang-zhou-116,"华兴Alpha总负责人, alpha.huaxing.com",4073,1,6,0
1007,杨扬,yang-yang-4-75,在寻找自己的路上/ VC槛内人,9571,0,63,0
1008,李江,li-jiang-96,变革家/科方基金合伙人 投资案例：童办、闪电刷新、万超帮、蜂狂运动。,1007,1,27,0
1009,袁媛,yuanyuanblue,"When the going gets tough ,the tough gets going .",2797,0,1,0
1010,陈悦天,vincentskywalker,@VincentSkywalker,19913,1,186,宁波辰海星河投资管理有限公司 合伙人
1011,allen,xiaoyu-x,创业中 ，前华为工程师， http://weibo.com/1652971961,8331,-1,288,0
1012,随时ok,qian-zhuo-ren,勤能补拙。,7,1,7,0
1013,王策,wang_ce,VC/PE投资，关注互联网、金融、科技等方向,291,-1,11,0
1014,李晓宁,li-xiao-zhu-85-15,创投圈 创始人CEO,3565,1,19,0
1015,陈昊芝,haozhi,触控科技创始人、Cocos游戏引擎、连续创业者,39317,1,46,0
1016,戴周颖,Joeydai,@VC也疯狂,1241,1,41,0
1017,高翔,gao-xiang,,4714,-1,7,0
1018,胡维,whale,前知乎员工,128990,1,619,0
1019,王求乐Albert,wang-qiu-le-albert,苦逼投资人/Geeker知友,310,1,21,0
1020,申华章,hzshen,创业就是做点与众不同的事情。,9402,1,387,0
1021,汪有,wang-you-28,汪有，啥都有,176134,1,233,0
1022,庞颖,pang-ying-95,真理 光明 自由,28358,0,61,《奇葩说》辩手
1023,小状师张,q.zhang,非常熟悉西方的那一套理论,53526,1,0,0
1024,执墨,zhi-mo-92-95,,154,0,1,0
1025,凌云,LINGZHANGYUN,自由记者，半虚构写手,16326,1,2,0
1026,太太,tai-tai-89-3,万古千秋,79,1,236,0
1027,兴哥,xingge2019,资深投资人，国家高级理财规划师,7665,1,40,0
1028,飞天猪,gao-zhan-73-24,,4,1,71,0
1029,冯小疯,feng-xiao-feng-1-91,,1,-1,0,0
1030,加拿大卖马哥,Englishmentor,多村直男，加拿大韬叔VX: Wentao0101gmail,5498,1,740,0
1031,迈凯轮的小范,itachi-kuchiki,汽修小师傅,79,1,10,0
1032,Fy atto,chu-jian-qing-xin-bu-ru-jiu-chu-bu-yan,,815,0,1,0
1033,柴林,Lynn-chai,"Designer, Outsider",386,1,90,0
1034,莱莱,lai-lai-97-31,其实我是个小姐姐,252,0,4,0
1035,小曲儿啵啵啵,xie-yu-58-75-5,自甘堕落,7534,0,103,0
1036,袁霄霄律师,yuan-xiao-xiao-57,律师 写作 法律咨询,7491,1,170,陕西海普睿诚律师事务所 执业律师
1037,健康追逐者,jian-kang-zhui-zhu-zhe-luo-bu-si-13,在阳光下，一路向希。,904,1,6,0
1038,只有三分钟的赛雷,sl3min,公众号：赛雷三分钟,216674,-1,0,科普畅销书作家
1039,盐选科普,yan-xuan-ke-pu-28,,13385,-1,358,知乎 官方帐号
1040,陈楸帆,chenqiufan,Be (Virtually) Real.,24867,1,239,著名科幻作家，代表作品：《迷幻史》《荒潮》《未来病史》《人生算法》等
1041,川戈,hong-jiu-kao-ya-29,原名【红酒烤鸭】／前特稿记者 / 故事的掘墓人,101330,1,80,0
1042,白杨,brucebai,北京，杭州,1048,1,42,0
1043,沈夏冰,shen-xia-bing,营养师终究会获得社会的认可,44331,1,125,0
1044,温义飞,wen-yi-fei-31,用过都说好。,421059,1,123,优秀回答者
1045,共青团中央,gong-qing-tuan-zhong-yang-67,共青团中央知乎官方帐号,865699,1,378,共青团中央 官方帐号
1046,知乎机构号团队,St.Pancras,我有 30000+ 个小伙伴，超厉害,91900,0,7,知乎 官方帐号
1047,朱一旦的枯燥生活,gen-gen-74,黑色幽默 感谢关注！,120814,1,19,0
1048,木瓜吃不胖,wmys,不求光芒万丈，只求光吃不胖！,13194,0,100,0
1049,识食务者,wormhole2,硬核科学吃货 | 淘宝请搜：识食务者 | 进群请加同名公众号,102170,1,90,0
1050,Meika大喵子,mae-feng,个人公号可搜：mae_zihigh,6101,0,97,0
1051,k3爷,lee233333-28,摄影，护肤，美食，爱生活,4936,1,35,0
1052,囊中小夕,yan-xi-xiao-ming,公众号：囊中小夕。只分享干货内容，关于女生变美/成长那些事。,75684,0,80,0
1053,珑珑go,leonalung,同名公众号：珑珑go | 温柔、坚定、又好看，但能吃。,31327,0,41,科技盐究员
1054,蓝大仙人,lan-da-xian-55,智能电视选购，接受私信付费咨询,32850,1,611,科技盐究员
1055,Derrick Zhang,bigface-62,作家、摄影师、果核Group主编,139899,1,109,0
1056,长亭Time,changting-Time,电子产品爱好者，不负关注不忘回复,10075,1,168,0
1057,Navis Li,navisli,消费电子产品评测，不敢妄言，不愿强答，新能源车主,125920,1,294,科技盐究员
1058,Edwin,dredwin,牙齿矫正话题热心网友,50981,1,2124,优秀回答者
1059,超哥,guoyachao,专注跨境电商，回到跨境电商的源头，去开荒。,18502,1,201,海外电商负责人
1060,Madao,a-ding-a,公众号：Madao不开花。只是一个Madao罢了～,14036,0,77,0
1061,夜礼服拉面,1999hong-hong-huo-huo,生活支线玩家,7524,-1,166,0
1062,雪球妈妈,gunxueqiu,公众号：雪球妈妈，陪宝贝一起成长的妈妈。,75263,0,1705,0
1063,陈大可,chen-qi-69-43-69,育儿快乐成长，职场全力以赴，10年德系汽车营销经验,69409,0,325,0
1064,云女友,tan-xia-miao,公众号：女朋友教你穿衣服,64562,0,92,0
1065,沈少Neo,chen-shao-neo,数码、腕表、车、极简生活家。,61017,1,1079,科技盐究员
1066,木子加加,mu-zi-jia-jia-92-50,爱读书，爱分享的非IT男,25949,1,123,什么值得买 生活家
1067,半佛仙人,banfoxianren,我看诸君皆装逼，料诸君看我应如是,323136,1,1143,0
1068,知乎视频,zhi-hu-shi-pin,看见、记录、分享更大的世界。,4628,-1,0,已认证的官方帐号
1069,周源,zhouyuan,知乎 001 号员工,981389,1,350,知乎 创始人 & CEO
1070,刘看山福利社,-7,原「刘看山城市冰屋」，天气暖了冰屋化了，不定期派送福利,102324,-1,67,已认证的官方帐号
1071,知乎小管家,zhihuadmin,超厉害！顺便招运营人才和其他各类人才。,328390,1,69,知乎 官方帐号
1072,知乎好物推荐,zhi-hu-hao-wu-tui-jian,帮助知友买到心仪好物,187661,-1,0,已认证的官方帐号
1073,盐选推荐,zhujiangren,为你推荐知乎优质付费内容,1572427,-1,43827,知乎 官方帐号
1074,丁三胖,ding3p,公众号：丁凡的奇妙世界,47171,1,301,0
1075,共青团中央,gong-qing-tuan-zhong-yang-67,共青团中央知乎官方帐号,865699,1,378,共青团中央 官方帐号
1076,导演张小策,huang-yuan-lang-81,朱一旦的枯燥生活，C座802，编剧/导演,15145,1,21,0
1077,麦龟迪,chen-di-hui,"王者荣耀S13荣耀王者79星
公众号：手游最攻略",65227,0,20,0
1078,章小殷,zhang-xiao-yin-7,传统旗袍制作者,128,0,0,0
1079,lina,lina-42-81-77,好好学习，天天向上,364,0,615,乌鲁木齐市第三小学 信息技术教师
1080,O泡裹奶,opao-guo-nai-86-60,小仙女本仙呀！,1,0,1,0
1081,楠楠丫,nan-nan-ya-96-80,,15,-1,0,0
1082,鸭子姐姐,yi-chun-gong-zuo-shi,温柔的姐姐，为空姐正名，不乱～,344,0,128,0
1083,酒窝,ulrica-68-66,,26,0,0,0
1084,Final海莉,finalhai-li,What？您关注如此凶残又才华貌美的我！那我得是多可爱！耶！,177,0,4,0
1085,拉克丝,teeeeee-72,we are in a dream anyway,97,0,12,0
1086,美少女Lilya,mei-shao-nu-lilya,MBA在读、雅思备考待留学、原某上市公司管培生,5628,0,5,大连海事大学 管理学硕士在读
1087,羊羊,wang-pei-yang-31,,22,0,0,0
1088,陆某某,lu-mou-mou-69-25,,33,-1,0,0
1089,fainie,fainie-42,,71,-1,0,0
1090,腾讯医典,teng-xun-yi-dian,为大众而生的专业医典,15393,-1,48,已认证的官方帐号
1091,Lydia Yang,Alphia,愚蠢是个道德问题。,9562,0,157,0
1092,戴雨森,yusen,真格基金合伙人，聚美优品联合创始人,62501,1,155,真格基金 合伙人
1093,贾樟柯,jia-zhang-ke-45,欢迎关注微信「柯首映」,135259,1,6,电影导演
1094,知乎好物推荐,zhi-hu-hao-wu-tui-jian,帮助知友买到心仪好物,187661,-1,0,已认证的官方帐号
1095,大象公会,da-xiang-gong-hui-12,精 神 食 粮,75844,-1,390,已认证的官方帐号
1096,毕导,bi-xiao-tian-99,膜技术博士，欢迎关注同名公众号“毕导”,293159,1,159,清华大学 化学工程系博士在读
1097,冯不悔,feng-bu-hui-53,亲 关注我 三天后告诉你一个小秘密哦  商务合作可私聊,54463,1,735,0
1098,知乎故事大赛,gu-shi-dang-an-ju,,5157,-1,0,已认证的官方帐号
1099,快手镜相,kuai-shou-jing-xiang,用科技提升每个人独特的幸福感,22198,-1,64,已认证的官方帐号
1100,清欢,mayfly-71-77,,2758,1,25,0
1101,考研老冰棍,kao-yan-lao-bing-gun,帅炸宇宙の某211研究生,9598,1,120,0
1102,见山,jianshanjiaoyu,P大研二/前XDF考研写作讲师,30868,1,58,北京大学 城市与环境学院硕士在读
1103,半夏学长,jin-yi-hao-54,,50182,1,31,0
1104,张雪峰老师,zhang-xue-feng-lao-shi-88,知名教育博主,10189,1,2,研途考研 VIP 名师，微博知名教育博主
1105,自己个儿,wang-ni-mei-60,西安交大电气工程硕士。熟悉电气考研择校和规划，国网招聘,1787,1,180,电气工程硕士在读
1106,经验超市考研,jing-yan-chao-shi,领先的考研专业课辅导品牌,1450,-1,53,已认证的官方帐号
1107,弗兰克扬,fu-lan-ke-yang,一个写作就是为了自引的人,266439,1,823,0
1108,严徒,hmusicman,考研达人，尊为考神,4731,1,31,中山大学 交互设计硕士
1109,大闸蟹i,da-zha-xie-i,超腻害の英语老师：dazhaxie1949,15502,0,152,0
1110,白小鱼,youngfish42,机器学习 | 计算机视觉 | 生物 | 边缘计算,12289,1,134,上海交通大学 电子与信息博士在读
1111,郭某某,guo-zi-tong-93-14,原高校教师、中国计算机学会会员，擅长创业、计算机、升学规划。,1022,1,123,0
1112,考研政治吴坤宇,kao-yan-zheng-zhi-wu-kun-yu-30,一个不那么有名的考研政治名师。,3267,1,129,武汉理工大学 马克思主义理论硕士
1113,Mr.Nacky,ruan-jia-rong,健身小白，歌唱达人！,6878,1,60,北京科技大学 翻译硕士在读
1114,Sparkler,yin-yixin-7,批判的武器不能代替武器的批判,176,1,15,武汉理工大学 环境工程硕士在读
1115,郭二二不二,guo-xiao-chi-19,这个好好吃呀,1357,0,57,0
1116,缺月疏桐,que-yue-shu-tong-13,CS硕士 CV AI 足球 游戏,3677,1,83,0
1117,小蛋卷DeeJane,deejane0104,我女神叫Taylor Swift,70,0,10,0
1118,英语杂货铺,ting-yuan-shen-shen-shen-ji-xu-70,南京师范大学英语系博士(语言学/CDA),9500,1,191,南京师范大学 英语语言文学博士在读
1119,花花师姐,wei-wei-45-51-48,喝哇哈哈长大的刀子嘴豆腐心的可爱善良的学姐,978,0,168,0
1120,刘看山,liu-kan-shan-78,知乎吉祥物，带你发现更有趣的知乎,8137483,1,78,北极狐，知乎全职吉祥物
1121,winningman,zhang-li-53-12-93,半导体行业从业者,62614,1,41,科技盐究员
1122,刘慈欣,liu-ci-xin-68,工程师，作家,93597,1,0,中国科幻作家
1123,浣熊队长,wan-xiong-dui-chang-96,你可拉倒吧,1305,1,113,0
1124,贾扬清,jiayangqing,关注人工智能，大数据和产业解决方案,73231,1,66,优秀回答者
1125,Lele Feng,lele-feng-15,喜欢图形学,10050,0,8,0
1126,楠爷,evenstar,,402418,1,395,优秀回答者
1127,学写作的丧失,zombiewriter,zombiewriter,138734,1,858,0
1128,Maker毕,anderson-76,清华创客空间创始人/爱搞小发明/STEM教育从娃娃抓起,3925,1,39,网易有道 教育项目经理
1129,张汉东,blackanger,资深工程师/  技术作家 / 青少年教育创业者,27220,1,1828,0
1130,周源,zhouyuan,知乎 001 号员工,981389,1,350,知乎 创始人 & CEO
1131,罗福莉,fuliluo,正在找工作的程序媛....,6185,0,9,北京大学 信息科学技术学院硕士在读
1132,灵剑,ling-jian-94,微博一般不上 http://weibo.com/hubo1016,75419,1,3640,优秀回答者
1133,丁香医生,ding-xiang-yi-sheng,有温度、有知识、有态度，新一代大众健康科普。,2513448,-1,622,已认证的官方帐号
1134,量子位,liang-zi-wei-48,有趣的AI&amp;前沿科技→_→ 公众号：QbitAI,212867,-1,254,已认证的官方帐号
1135,邱昊宇,timothyqiu,打杂程序员,6586,1,436,优秀回答者
1136,马前卒,ma-qian-zu,山楂糕、枣泥饼、酸奶冰棍 ——微信公众号【马前卒工作室】,465732,1,1932,0
1137,田渊栋,tian-yuan-dong,Facebook人工智能研究院研究员/研究经理，卡耐基梅隆大学机器人系博士,97032,1,43,优秀回答者
1138,TimberNord,timbernord,公众号:海鲜冷冻厂,50214,1,44,0
1139,老狼,mikewolfwoo,"UEFI固件、服务器、嵌入式产品
(公众号:UEFIblog)",143009,1,258,科技盐究员
1140,WPS Office,wps-office,简单创造不简单,66331,-1,155,已认证的官方帐号
1141,知群,zhi-qun-90,互联网人的知识社群,4216,-1,119,已认证的官方帐号
1142,知群增长研究院,zeng-chang-zhen-tan-she,专注产品推广，行业深入研究，资讯抢先播报,215,1,5,0
1143,Photograph Jun,zhu-sheng-jun-80,心中有情，下笔如风,439,1,42,0
1144,废熊,wang-zhi-heng-87,听说，两个人在一起睡觉，总会有一个人会比另一个先睡着。,5927,1,85,0
1145,喻忘忧,Hemerocallis-Yu,值乎打开有问题，求助请私信,136168,0,422,0
1146,小鹿,you-wu-jun-77,美学爱好者 有趣话多路子野,64737,0,70,0
1147,陈希 Chris,chenxi,,13559,1,8,0
1148,金釗立,godling,修行中,252260,1,591,优秀回答者
1149,MoonMonster,moonmonster,长文流... www.jianjia360.com,118321,1,36,优秀回答者
1150,尤文文,youwenwen,设计师 Yoyo,161373,1,141,优秀回答者
1151,elya,elya,落花流水elya妞~,152803,0,121,0
1152,Riceman 米饭侠,riceman,设计师，播客《UX Coffee 设计咖》制作人,58331,1,23,优秀回答者
1153,胡点Vivian,hudian,不知老之将至,23848,0,83,0
1154,罗飞,luo-fei-77,过气的谐星，永远的陡逼,16544,1,100,0
1155,吞茶嚼花,tcjh,故事真的不缺。,108496,1,71,0
1156,刘少楠,plidezus,产品设计/重度科幻迷/书虫/互联网医疗,3812,1,21,丁香医生 首席产品架构师
1157,5key,5key,阿里巴巴设计中台团队招聘设计师,20933,1,142,用户体验设计师
1158,周北树,clearstars,Love Peace Music,131224,1,100,优秀回答者
1159,江涛,jiangtao,雪球004号员工,3507,1,64,0
1160,PeterLee龍羿,peterleelong-yi,前Keep總主筆/網文作者/漢字搬運工/AEON優秀員工,14313,1,938,永旺商业有限公司 食品部职员
1161,夏超,dong-zhi-63-71,精神分析的信徒，弗洛伊德的粉丝,168,1,1,0
1162,知乎小管家,zhihuadmin,超厉害！顺便招运营人才和其他各类人才。,328390,1,69,知乎 官方帐号
1163,Sterne,Sterne-wie-Staub,"The stars, like dust",6823,1,25,0
1164,刘看山福利社,-7,原「刘看山城市冰屋」，天气暖了冰屋化了，不定期派送福利,102324,-1,67,已认证的官方帐号
1165,云锋金融,yun-feng-jin-rong,港美股交易平台「有鱼股票」，精选基金交易平台「有鱼智投」,91973,-1,309,已认证的官方帐号
1166,什么值得买,shen-me-zhi-de-mai-76-83,认真生活 好好花钱,288903,-1,1195,已认证的官方帐号
1167,知乎机构号团队,St.Pancras,我有 30000+ 个小伙伴，超厉害,91900,0,7,知乎 官方帐号
1168,Sean Ye,sean-yenan,公众号：瞎说职场 HRinsight,560593,1,436,优秀回答者
1169,丁香医生,ding-xiang-yi-sheng,有温度、有知识、有态度，新一代大众健康科普。,2513448,-1,622,已认证的官方帐号
1170,好好住,hao-hao-zhu-17,「好好住APP」解决各种家居疑难杂症,307330,-1,421,已认证的官方帐号
1171,KY主创,knowurself,人人都能看懂，但只有一部分人才会喜欢的泛心理学,250161,0,54,0
1172,Lens,lens-27,即使是一道最微弱的光，我们也要把它洒向需要温暖的生活…,667034,-1,423,已认证的官方帐号
1173,知乎电子书,zhi-hu-dian-zi-shu,,189423,-1,13,已认证的官方帐号
1174,河森堡,hesenbao,国家博物馆讲解员,397982,1,115,0
1175,寺主人,sizhuren,160w女性都关注的微信号“女神进化论”,905151,1,190,0
1176,曾旻Zeng Min,minzeng,人类观察。公众号：曾旻（zengmin）,295814,1,165,发展与教育心理学硕士
1177,韧心旎,sherillren,美国心旎心理工作室首席咨询师 华盛顿州教育局SEL顾问,231637,0,28,美国心旎性格成长工作室 首席咨询师
1178,叶赌徒,yetingjun,这个人很懒，什么都没有写,234662,1,128,实验心理学博士在读
1179,冯慎行,emogap,,129653,1,98,优秀回答者
1180,猎鹰飞行俱乐部,xi-ying-fei-xing-ju-le-bu,猎鹰飞行俱乐部官方媒体号,185,-1,16,0
1181,愁飞 王逍瑕,wang-xiao-xia-22-12,,30646,1,953,0
1182,雲绯,yun-fei-68-87,哈迷微信号：戈德里克山谷,85140,0,866,0
1183,张方,zhang-fang-3-23,合作微信：zhangfang1990726。微博@皇叔张方,141711,1,412,0
1184,郑渊洁,zheng-yuan-ji-94,作家,868,-1,0,0
1185,曦曦,xi-xi-42-8,,19,0,3,0
1186,阿猴HOSEA,liu-hong-jia,微博@阿猴HOSEA / 前小米程序员 / 伦敦艺术大学中央圣马丁摄影硕士,114844,1,56,英国伦敦艺术大学 摄影硕士
1187,NinaRicciJj,ninariccijj,,116,0,0,0
1188,木匠小强,mu-jiang-xiao-qiang,我爹是木匠，我也是,202368,1,707,北京良禽佳木家居有限公司 联合创始人
1189,饼干,bing-gan-61-29-75,贵乎厉害了，xju833小号,12294,1,69,0
1190,潘潘,pan-pan-21-29-28,biu～工业遗产爱好者～废墟探险小能手～,32,0,21,0
1191,kamilios,kamilios,变形金刚爱好者，个人公众号TF_Toy,8881,1,27,优秀回答者
1192,Perry Song,perry-song,语言爱好者 / 基督徒 / 私募,24746,1,399,0
1193,inhiu,inhiu,废墟探险 光绘摄影 公众号：illusion-in-ruins,23343,0,3,0
1194,CrayLin,craylin,,8126,1,35,0
1195,陈允信,simschen,视觉调研／品牌设计,85550,1,36,0
1196,张伟,zhuangweizhihu,so called 世相君,3108,1,7,0
1197,龙荻,di-long-27,永远的反对党,5812,0,101,0
1198,不再说,smile001,等这个故事说完，我就回去娶你。,93504,1,60,0
1199,文嘉,shen-lei-57,,26092,1,35,0
1200,SasiThara,SasitharaWANG,匿名用户，没有公众号,38,0,10,0
1201,江南春,jiang-nan-chun-73,,6420,1,9,分众传媒 董事长兼首席执行官
1202,芈十四,mishisi,生性多疑，唯不疑爱,246577,0,376,0
1203,PR公敌,PRjackass,《一个公关狗的自我修养》作者,11837,1,232,0
1204,李恒,li1heng,光学工程师 / 不懂光学,4411,1,358,优秀回答者
1205,庄明浩（rosicky311）,rosicky311,创业失败的VC行业小兵一枚,283876,1,663,优秀回答者
1206,你的KK,Kirio,本人偶尔在线，大多数不在线。,84416,-1,51,0
1207,熊熊熊熊熊熊熊,xiong-xiong-xiong-xiong-xiong-xiong-xiong,Soda App Co-founder,13102,0,7,0
1208,汪有,wang-you-28,汪有，啥都有,176134,1,233,0
1209,庞颖,pang-ying-95,真理 光明 自由,28358,0,61,《奇葩说》辩手
1210,小状师张,q.zhang,非常熟悉西方的那一套理论,53526,1,0,0
1211,执墨,zhi-mo-92-95,,154,0,1,0
1212,芭蕾柚,liao-ai-ma,艺术学院附中•猫奴•研习芭蕾中,22578,0,99,优秀回答者
1213,达达,da-da-82-43-52,有生之年，去寻欢,4,0,0,0
1214,青格乐,sichagao,二语习得博士,167914,0,97,北京语言大学 语言学及应用语言学博士
1215,Joeyuee,joeyuee,Joey,3801,0,2,0
1216,Coffee Wu,coffee-wu,22岁的魔都菇凉～坐标欧洲，传播学在读。,47081,0,47,0
1217,Jeanny,shi-bu-wo-dai-22,传播学本科在读,226,0,4,0
1218,沈小猫,usccloud,关注社交媒体 网络传播 网游 虚拟世界,99,0,3,0
1219,陆贽,ru-shi-shuo-59,公众号『Her小号』,55616,1,444,0
1220,共青团中央,gong-qing-tuan-zhong-yang-67,共青团中央知乎官方帐号,865699,1,378,共青团中央 官方帐号
1221,叶洲,yejoe,转行电影的前谷歌码农,122828,1,289,加州大学洛杉矶分校 戏剧影视艺术硕士在读
1222,「已注销」,LOT016,,951,0,1,0
1223,王希,wang-xi-65-12,IIE 密码学，喜欢数学,44683,1,696,优秀回答者
1224,即刻,ji-ke-64-55,「即刻」app ，就想看点好东西,1706,-1,3,0
1225,chenqin,chenqin,数据帝,739761,1,226,优秀回答者
1226,麻宁,ma-zhu-65-91,麻宁，天使投资机构娱乐工场副总裁，专栏作家。,37285,0,283,娱乐工场 投资副总裁
1227,mlln,mlln,传播学博士 / 写小说的,3406,1,58,0
1228,小狼在1968,wolfie,在刻奇的国度里，你是一个怪物。,11264,1,83,0
1229,叶伟民,RaymondYip,公号「叶伟民写作」，前ZAKER总编、南方周末特稿编辑、记者,34016,1,77,媒体人，记者
1230,小C,xiao-c-49-48,理性的大脑是这样思考的,879,0,104,0
1231,傅丰元,fufengyuan,离线 | Offline,329,1,13,0
1232,刘卿,liu-qing-48,磨人的小妖精,110884,1,435,0
1233,周欣宇,zhou-xin-yu-1,成为VIP以查看该简介,3596,1,544,0
1234,施然,stanleyfeng,一个拧巴人,2137,1,46,0
1235,知乎机构号团队,St.Pancras,我有 30000+ 个小伙伴，超厉害,91900,0,7,知乎 官方帐号
1236,Dennis Chu,dennis-chu,"创建了Swably.com, 如果你有安卓手机，可以玩玩。",59,0,25,0
1237,身体很诚实,shen-ti-hen-cheng-shi-95,,1916,1,20,0
1238,致郁系美少女,zhi-yu-xi-mei-shao-nu,不怎么爱打字，基本上靠图答题,1059,1,15,0
1239,小红拖拉机,xhtlj,找饭 Job_Fun,424620,1,149,优秀回答者
1240,张译,guo-zi-501,知乎000号员工+猫与观众的侍者,791635,1,26,演员张译 代表作《士兵突击》《追凶者也》《红海行动》
1241,刘易杰,liu-yi-jie-84,我叫高级黑,89646,1,176,0
1242,涂子,tu-zi-31-55,苦逼游戏人，资深深井冰,65151,1,472,优秀回答者
1243,崔中强,cui-zhong-qiang,雷电防护工作者/天文科普,2609,1,141,0
1244,世界说,shi-jie-shuo-77,Hey！一起来看世界吧！,86057,-1,321,已认证的官方帐号
1245,杨铮,yang-zheng-91,心理学，AI产品经理,15274,1,455,腾讯 AI产品经理
1246,特赞星球,te-zan-xing-qiu,创意资源的数字基础设施,719,-1,4,0
1247,Juliana Yang,juliana-yang,工作邮箱：juliana.0047@hotmail.com,247659,1,144,优秀回答者
1248,喃猫,nan-mao-38,蓝带厨娘,157324,0,23,优秀回答者
1249,波旬,boxun,在微信公号「他化自在天」免费送19020条营销笔记的第六天魔王。,502531,1,151,优秀回答者
1250,Mingo鸣哥,gaoming623,前香港记者，跑得飞快,91670,0,95,0
1251,喜多萌,xi-duo-meng,公众号「女神进化论」，关注后免费获取护肤功课、彩妆教程,84897,0,34,0
1252,郭小雪,guo-xiao-xue-70,必须精致到底,12096,0,7,0
1253,穷游锦囊,qiong-you-jin-nang,"有用, 有趣, 能救命的旅行指南。",692267,-1,433,已认证的官方帐号
1254,爱燃烧,ai-ran-shao-46,✔爱燃烧的官方机构帐号 | 中国领先的耐力运动社区,241185,-1,386,已认证的官方帐号
1255,梁源,baodashi,肯定是小龙人无疑了| 公众号：临池不辍,99483,1,659,中国艺术研究院 美术学硕士在读
1256,独立立,du-li-li-96,公众号叫霓虹列车,12383,0,37,0
1257,NExT Studios,next-studios,做纯粹的好游戏！,4687,-1,13,已认证的官方帐号
1258,猫助,nekosuke,我们诗人都是胖子。,32702,0,21,0
1259,Ediartos,ediart,闲云野鹤的加班者,19706,1,121,0
1260,BBKinG,bbking,中国电竞幕后史 作者 BK短纪录片 创始人,112841,1,774,0
1261,默识先生,mo-zhi-xian-sheng,,54699,1,261,优秀回答者
1262,Ray,ray-90-77,跟我一起体验有趣的咖啡文化——公众号「咖瘾Caing」,36600,1,241,0
1263,盐选推荐,zhujiangren,为你推荐知乎优质付费内容,1572435,-1,43827,知乎 官方帐号
1264,elyn,elyn,公众号tianluo_hhhaze；新书《愉快地吃，痛快地瘦》,384626,0,233,美食作家 代表作《日出之食》《日日之食》
1265,山猫为什么不开心,shan-mao-wei-shi-yao-bu-kai-xin,猪厂打杂员工,41,-1,1,0
1266,刘仲濠,liuzhonghao,你未看此花时，此花与汝同归于寂。,32918,1,139,0
1267,马家辉,ma-jia-hui-10,香港著名作家，文化评论学者 公众号：馬家輝在香港,112857,1,31,作家 代表作《龙头凤尾》
1268,flypig,flypig,A Marketer,82517,1,144,0
1269,JJ Ying,jjying,UI 设计师,172414,1,530,优秀回答者
1270,btr,shbtr,作家,7582,1,232,0
1271,张潇雨,xiaoyuzh,But dearer still is the truth.,58708,1,87,0
1272,SunLau,sunlau,室内设计师 ，自由码字人,498429,1,885,优秀回答者
1273,何瑫,he-tao-62-44,《智族GQ》编辑副总监,108599,1,93,特稿写作者，《智族GQ》编辑副总监
1274,马力,mali,知群是培养TOP10%产品经理和设计师的教育社群,677721,1,1476,「最美应用」&「最美有物」 创始人
1275,张大春,zhangdachunmaster,华语小说家，书法家，说书人。,566,1,0,作家，代表作：《认得几个字》《城邦暴力团》《大唐李白》《文章自在》等
1276,龙窝里的倪纳,dragonandleo,心怀天下，没时间儿女情长,63665,0,301,伦敦大学亚非学院 性别学博士在读
1277,西瓜大爷,xi2ma,一直混饭吃,216,1,39,0
1278,王陶陶,wang-tao-tao-91-97,,103528,1,958,0
1279,宋一松,yisong,"虚拟社会学家@Facebook
公众号：多元叙事",53670,1,47,0
1280,王慧文,wanghuiwen,美团体操队队长,4578,0,32,0
1281,Simon Luo,simonluo,二月春风似Jane Doe,18543,1,103,优秀回答者
1282,TimberNord,timbernord,公众号:海鲜冷冻厂,50214,1,44,0
1283,李睿珺,li-rui-jun-71,电影导演、编剧,31108,-1,7,导演、编剧 代表作《路过未来》《家在水草丰茂的地方》
1284,世界高远,chen-xi-sos,物是人非,12765,1,99,0
1285,Lens,lens-27,即使是一道最微弱的光，我们也要把它洒向需要温暖的生活…,667034,-1,423,已认证的官方帐号
1286,雷奕安,lei-yi-an-52,共创未来,9526,1,206,北京大学物理学院副教授、北京大学高性能计算平台主任
1287,陀螺螺,chen-cong-hui-80,公众号：陀螺DD盘,2,0,2,0
1288,OwlLite,wenmiau,",",384148,1,177,中国科学院大学 模式识别与智能系统博士
1289,张鹏,zhang-peng,极客公园创始人,145183,1,103,极客公园 创始人
1290,田艺苗,tian-yi-miao-26,,32230,0,9,青年作曲家、学者，代表作《望江南》
1291,JOIN于宙,yuzhouedison,"JOIN App内搜&#34;123456&#34;, 答题通过即可聊天",64649,1,8,0
1292,无士,wu-shi-59-83,,225,1,12,0
1293,平骧,sui-bing-65,前央企法律顾问、前检察官、现律师；公众号:青果法律。,124789,1,140,优秀回答者
1294,韩东燃,han-dong-ran,认识你自己,158415,1,1248,哈佛大学 医学院博士后
1295,谦谦卦,qian-qian-gua,,11,1,0,0
1296,clement,clementpzy,路一直都在,13,1,0,0
1297,dean yuan,dean-yuan,,71,1,0,0
1298,刘苏丹,liusudan,,30,0,9,0
1299,Barry,bawwy,You are the real deal,57,1,14,0
1300,Claudia Luo,claudia-luo,,10,0,0,0
1301,Tea Rosy,tea-rosy,因为始终没有放弃要幸福的信念，我们终将勇敢地跨越了明天,13,0,0,0
1302,明月仙生,ming-yue-xian-sheng,我本逍遥一散仙,46,1,0,0
1303,Nick Xue,nick-xue-94,自持，敬畏，悲悯,30,1,0,0
1304,闹双双,naoshuangshuang,,47,0,0,0
1305,烧寄,shaojishaoji,我就是传说中小秘书最关心的博主。,547,1,0,0
1306,王炤,wang-zhao-47,节制的人生才有高潮,24,1,0,0
1307,青柠,qing-ning-40-83,懒,12,1,0,0
1308,奥卡姆剃刀,ao-qia-mu-ti-dao-81,,1023,1,0,0
1309,艾品,itaitai,有书有笔友肝胆,54,1,0,0
1310,另时代化石,ling-shi-dai-hua-shi,Whuer，南极圈,20,1,0,0
1311,Shi Jeremy,shi-jeremy,,6,1,0,0
1312,明天,ming-tian-98-48,明天是美好的,64,1,0,0
1313,Tong Dr,tong-dr,变态心理医生,73,1,0,0
1314,chen pierce,chen-pierce,,32,1,0,0
1315,知乎科学,zhi-hu-ke-xue,来知乎，看科学多热闹,752820,-1,2,已认证的官方帐号
1316,蓝天白云很快了,lan-tian-bai-yun-hen-kuai-liao,武力值低，志气高。,14268,0,746,0
1317,奥迪,ao-di-66-50,突破科技 启迪未来,118282,-1,54,已认证的官方帐号
1318,康贱猫,kang-yining,一级注册键盘车手,100230,1,726,汽车工程师
1319,李如花,jiao-wo-xiao-ke-ai-ba-73,汽车话题特别优秀回答者,20831,1,74,汽车工程师
1320,孙亚飞,sun-ya-fei-48,分子美食家,165583,1,505,化学系博士在读
1321,快手镜相,kuai-shou-jing-xiang,用科技提升每个人独特的幸福感,22198,-1,64,已认证的官方帐号
1322,吉利汽车,ji-li-qi-che-63,快乐人生，吉利相伴,4003,-1,1,已认证的官方帐号
1323,青雀,GreenFinch,有什么不懂的你尽管吻我,348314,0,292,0
1324,大西洋鳗鱼,lonelyeel,金融男，走过71国。被和谐的回答都在公众号“大西洋鳗鱼”,172360,1,182,0
1325,深海方碑,sun-chi-bang,仰望大地，俯瞰苍穹,7567,1,27,0
1326,木西AlexanDENG,alexandeng,制片人/风光摄影师/摄影自媒体人/商科生/全球旅行者,203826,1,460,深圳市眼见文化传播有限公司 制片人
1327,宇宙托儿所,shen-zi-84-9,尽力吃喝读书去看世界,16840,0,106,汕头大学 新闻传播学硕士
1328,莱坊,lai-fang-39-41,,76,-1,0,0
1329,陈咏开,chen-yong-kai-29,马来西亚辩手。,7011,1,30,0
1330,任易,ren-yi-8,公众号「任易」，只写对工作有用的,153119,1,630,0
1331,无感,a-ba-11-45,NTR患者，草缸玩家，伪艾斯，设计师，密室迷，摄影爱好者,299,-1,210,0
1332,倪修智,ni-xiu-zhi,公司律师：公司架构/股权激励/投融资/股权争议,88726,1,191,泰和泰（深圳）律师事务所 律师
1333,曲玮玮,qvweiwei,写作的人。,86221,0,67,0
1334,知乎日报,zhi-hu-ri-bao-51-41,带你正确地逛知乎,14252118,-1,3,已认证的官方帐号
1335,张雨婷,zhang-yu-ting-49-94,,3,0,0,0
1336,Schwarzenegger,schwarzenegger-89,,17343,1,3,演员，代表作《终结者：黑暗命运》《终结者2：审判日》
1337,谭汐,chara-41,暂无介绍,1184,0,10,0
1338,淋雨大大,lin-yu-tian-tian-da-qing-tian,社交社区/创业/金融/法律,2523,0,4,0
1339,运动分子,yun-dong-fen-zi-cheng-lan-wen-hua,发现运动的有趣一面。看运动发声！,167527,-1,193,已认证的官方帐号
1340,王瑞恩,wang-rui-en,老王力气大无穷，双手举起纸灯笼,491407,1,1232,优秀回答者
1341,梦尧,F_falcon,自学AE入门书：《After Effects 高效学习指南》,180403,1,222,0
1342,快乐一剑飘,Xphouyuan,社会学深度阅读公众号：社科小圈儿（Xphouyuan）,49134,1,1563,0
1343,世界的愚者,victorguan-22,愚者在世界的旅途,23627,1,471,0
1344,圈外孙圈圈,sarah-sun-54,关注公号【圈外孙圈圈】回复&#34;成长&#34;，送你200篇职场干货文章,62113,0,34,0
1345,汪有,wang-you-28,汪有，啥都有,176134,1,233,0
1346,梁悦,ying-shi-tong-xue,公号：梁悦 | 微信：wx60105991,194712,1,361,0
1347,张小北,zhang-xiao-bei,编剧、导演,1010734,1,1398,优秀回答者
1348,TimberNord,timbernord,公众号:海鲜冷冻厂,50214,1,44,0
1349,李雷,li-lei-up,前-科研人员,247634,1,1410,中国科学院 遗传学博士在读
1350,王希,wang-xi-65-12,IIE 密码学，喜欢数学,44683,1,696,优秀回答者
1351,Mary,mary-88-27-28,逃出生天,2241,0,13,0
1352,mooncatcher,mooncatcher,Classicist in training.,18803,-1,166,0
1353,100offer,100offer,让最好的人才遇见更好的机会,95411,-1,212,已认证的官方帐号
1354,孙志超的新账号,zhichaosun,,11645,0,154,0
1355,故事档案局,gu-shi-dang-an-ju-71,,23359,-1,500,知乎 官方帐号
1356,北京互联网法院,bei-jing-hu-lian-wang-fa-yuan,,38270,-1,0,已认证的官方帐号
1357,邱晨,heretic,以设计为生，以辩论为乐,162106,0,42,邱晨，奇葩说辩手、米果文化联合创始人
1358,梁建章,tian-xu-72-17,旅行，创新,233,1,1,携程集团 联合创始人、董事局主席
1359,知乎旅行,zhi-hu-lu-xing-96,玩转世界的另一种视角,78069,-1,1,已认证的官方帐号
1360,林军,lin-jun,一互联网老兵，雷锋网总打杂,10826,-1,17,0
1361,吴刚,xiao-meng-meng-61-91,,10096,1,1,演员
1362,最高人民检察院,zui-gao-ren-min-jian-cha-yuan,,99997,-1,0,已认证的官方帐号
1363,阿詹,a-zhan-40,青云大仙,20529,0,10,奇葩说辩手 詹青云
1364,知乎小知,zhi-hu-xiao-zhi-80,小知是刚刚诞生的人工智能，希望和你一起探索更大的世界,844,-1,8,已认证的官方帐号
1365,阿乐,a-le-85-17,互联网,163,1,9,0
1366,盐选科普,yan-xuan-ke-pu-28,,13385,-1,358,知乎 官方帐号
1367,人民网,ren-min-wang,权威实力 源自人民,49569,-1,35,已认证的官方帐号
1368,张雪峰老师,zhang-xue-feng-lao-shi-88,知名教育博主,10189,1,2,研途考研 VIP 名师，微博知名教育博主
1369,人民政协报,ren-min-zheng-xie-bao,,47873,-1,5,已认证的官方帐号
1370,知乎好物推荐,zhi-hu-hao-wu-tui-jian,帮助知友买到心仪好物,187660,-1,0,已认证的官方帐号
1371,朱一旦的枯燥生活,gen-gen-74,黑色幽默 感谢关注！,120814,1,19,0
1372,Alex waker,waker-alex,公众号：Alex_waker    你的偷心人,132925,1,500,0
1373,二哥评车,er-ge-ping-che,快手说车第一人,1430,-1,1,快手说车主播
1374,知乎考研,zhi-hu-kao-yan,考研路上，看看知乎,14841,-1,40,已认证的官方帐号
1375,No-Fun,liu-ming-zhu-45,,1330,0,10,0
1376,Lydia LR,lydiaLR,小不忍则乱大谋,93,0,1,0
1377,蒙雅,meng-ya-69-65,在校学生,276,0,13,0
1378,食饭游记,shi-fan-you-ji,影视戏剧文学本科,754,0,16,0
1379,布冷,li-yong-zhi-22,哲学研究生,3680,0,26,0
1380,孙凌宇,sun-ling-yu,杂志编辑,83,0,3,0
1381,鬼画符vw,zhuang-wei-3-96,爱吃爱运动,54,0,4,0
1382,江城,jiugui,解盘，翻译,108,0,0,0
1383,鳕鱼宝,xueyu-wang-75,香港大学医学phd在读,5181,0,17,0
1384,余狼,shi-d-meng12,,806,0,2,0
1385,已注销,li-mei-li-93-12,,569,0,34,0
1386,西柚,cui-jing-yan-26,切莫交浅言深。,70,0,0,0
1387,biu biu,vivian-niu-33,干掉无趣,94,0,1,0
1388,挪挪,li-ao-nuo-54,,48,0,0,0
1389,带绒,li-dong-man,简单深刻普遍,289,0,19,0
1390,Ariana,ariana-47,,84,0,0,0
1391,阿笨妞,niuniu525,,46,0,0,0
1392,萧然,xiao-ran-97-18,,41,0,0,0
1393,oooooohy,oooooohy,,45,-1,0,0
1394,奈衣污少女,mars199188,爸爸的公众号:脑洞少女白日梦呓,47766,0,566,0
1395,庞颖,pang-ying-95,真理 光明 自由,28358,0,61,《奇葩说》辩手
1396,封楚诚,fengchucheng,Political risk analytics 政治风险分析，关注新兴市场,872,1,7,0
1397,chenqin,chenqin,数据帝,739761,1,226,优秀回答者
1398,talich,talich,talich.fm,556445,1,1150,优秀回答者
1399,许冰清,joshuaxubq,码字的 / 精品咖啡（资料型）爱好者,301,0,30,0
1400,王铭驰,tonywangs,朕即洋葱,152,1,39,0
1401,Mingo鸣哥,gaoming623,前香港记者，跑得飞快,91670,0,95,0
1402,keso,keso,洪波 微信公众号：kesoview,336147,1,950,优秀回答者
1403,苗炜,miao-wei,我是个作家，真的,216663,-1,181,作家 代表作《面包会有的》《寡人有疾》
1404,张鹏,zhang-peng,极客公园创始人,145183,1,103,极客公园 创始人
1405,Fenng,fenng,「小道消息」，微信号：WebNotes,343561,1,944,无码科技 CEO
1406,困困,kun-kun,玲珑创始人。玲珑微信公众号：linglongclub,133273,0,195,0
1407,黄辛,huang-xin-20-97,藏在最黑暗的地方。,54569,1,363,0
1408,杨媛,yang-yuan-40,如海一滴,1674,0,47,0
1409,顾lily,lilyforever,要快乐呀！,8678,0,154,0
1410,ddaisyy,daASDSLA,越来越不懂。,3624,0,305,0
1411,章鱼喵,emptymalei,中微子，宇宙学，超新星，科学计算，行星生态改造,14127,1,35,优秀回答者
1412,钱争予,realfish,Anti-disciplinary Designer,84163,1,406,优秀回答者
1413,樊贺,fan-he-40,产品汪,59520,1,195,0
1414,林海,lin-hai-92-9,跟着互联网独立思考。,23470,1,15,0
1415,不老的老回,husky0708,做中国人民喜爱的消费者 贡献于提高奸商的作恶成本,125585,1,168,「三星手机爆炸」事件当事人
1416,盐选推荐,zhujiangren,为你推荐知乎优质付费内容,1572439,-1,43827,知乎 官方帐号
1417,葛旭,gexu,公众号：孤独的阅读者,2272,1,2,0
1418,gazn,gazn,医学生，半码农,28,0,1,0
1419,王丹青,wdanqing,摄影人，哈佛大学博士在读,26399,0,8,0
1420,爱丽,aili.shao,Maths Ph.D. Candidate ,11439,0,22,牛津大学 数学博士在读
1421,hz zhan,hz-zhan,工程师/攻城狮/躬成虱,286,1,65,0
1422,張哲耀,zhang-zhe-yao-12,辯士,178,1,0,0
1423,姜泠铄,jiang-ling-shuo,如果论证有缺陷，还是看立场；立场不同的人说你错，立场相同的人说你差。,700,0,51,0
1424,yuna,yuna-74-41,潜水员,10,-1,0,0
1425,龙泉驿,quyang1997,One equal temper of heroic hearts,58,-1,14,0
1426,侯戈,hou-ge-51-95,,13813,1,58,0
1427,媛媛,sun-yuan-yuan-61-82,打辩论的金融狗,70,0,0,0
1428,原帅,yuanshuai1020,眼睛是星星的国✨,75624,0,159,美国私立高中老师
1429,He Zhang,he-zhang-33,,19,1,0,0
1430,张天禹,fei-yu-53-54,辩手,115,1,17,0
1431,白山猪一郎,haoyangzhao,ENFP/LRPS/SM1,248,1,12,0
1432,KnowYourself,knowyourself-1,关注自我和内心，觉察即自由。,1451643,-1,1188,已认证的官方帐号
1433,韧心旎,sherillren,美国心旎心理工作室首席咨询师 华盛顿州教育局SEL顾问,231637,0,28,美国心旎性格成长工作室 首席咨询师
1434,沃小克,wokesep5,Web 新鲜人,16,0,0,0
1435,邓佳迪,deng-jia-di,想要做 好游戏 的程序员或美工,2295,1,8,0
1436,川丹丹,chuan-dan-dan,克莱登大学女生宿舍宿管,2834,1,147,0
1437,翁昕,weng-xin-79,艺术经纪人；新书《如何看懂艺术》各大平台发售中,298899,1,107,优秀回答者
1438,陈加新,Acmenyz,Previously PM &amp; Product Design at Zhihu,2329,1,13,0
1439,安森垚,an-sen-yao-49,打铁削木头,131220,1,199,0
1440,dyeytyuustsysrtd,westworldhbo,,2578,0,0,0
1441,Ender1,ender1,作家／心理学爱好者／,2340,1,2,0
1442,谭亭,kw_33,ACG爱好者，武侠迷，起点下一个扑街写手,62830,1,149,0
1443,CaesarZX,caesarzx,Your archenemy.,3083,1,220,0
1444,北田共,kitada-tomoni,日本ノ芸能界本日モ反省ノ色ナシ,3960,1,56,0
1445,Simon Luo,simonluo,二月春风似Jane Doe,18543,1,103,优秀回答者
1446,Rio,rio,风险投资人／播客主播／前知乎工程师,372149,1,844,优秀回答者
1447,酱紫君,GalAster,QQ群1014125,55780,1,136,优秀回答者
1448,月光博客,williamlong,微信公众号：williamlonginfo,28320,1,106,0
1449,泉的向日葵,izumi,Desires are already memories.马猴烧酒完赛～,15314,0,268,0
1450,再见,qia-bi-34-37,再见,2103,0,0,0
1451,纪昭,mirameow,人冷心淡//并不乐于助人//私信前请三思,13690,0,46,0
1452,黄玄,huxpro,前端娱乐圈 NPC，PL 初心者，不懂就问，知错就改,23879,1,252,优秀回答者
1453,田渊栋,tian-yuan-dong,Facebook人工智能研究院研究员/研究经理，卡耐基梅隆大学机器人系博士,97032,1,43,优秀回答者
1454,尤雨溪,evanyou,一个前端,110495,1,330,优秀回答者
1455,张小黑,zhang-zi-dan-39,一个辞职滑雪的普通人,8003,1,79,0
1456,遠夏,yuanxiafeel,动物领域科普/微信平台：farsummer，远夏的动物园,33840,1,243,0
1457,spRachel雷切尔,sprachel,OneDayStand唯一作者。想成为艺术爽文大大（太太也行,119219,0,141,优秀回答者
1458,KLOOK客路旅行,klook-ke-lu-lv-xing,"预订全球100,000种有趣的旅行活动",250144,-1,176,已认证的官方帐号
1459,韩子君Vivian,zi-jun-vivian,中国第一位从南坡和北坡登顶珠峰的女性,13631,0,14,0
1460,李如花,jiao-wo-xiao-ke-ai-ba-73,汽车话题特别优秀回答者,20831,1,74,汽车工程师
1461,康贱猫,kang-yining,一级注册键盘车手,100230,1,726,汽车工程师
1462,菲利普医生,fu-shi-bo,外科/射箭/185/尺八/笛子/猫奴,201072,1,353,上海交通大学 外科学博士
1463,汪有,wang-you-28,汪有，啥都有,176134,1,233,0
1464,京一不二,ms-xs,电影特效话题优秀登山者,23264,1,370,Pixel Light Effects CEO
1465,人工智障C137号,ren-gong-zhi-neng-47,SBINZ单板二级教练 ||AIDA自由潜教练,276,1,64,0
1466,Wallpaper卷宗,juan-zong-wallpaper,世界设计者,9829,-1,94,已认证的官方帐号
1467,一只咖啡狗的自白,coffeedog520,知乎专栏：咖啡知识大讲堂,26963,1,215,0
1468,太空精酿,pi-bo-shi-tai-kong-jing-niang,著有《啤博士的啤酒札记》,260801,1,452,代尔夫特理工大学 航天工程博士在读
1469,疯癫的A兵者,jie-zhi-61,B站空间：https://space.bilibili.com/84785878,215807,1,455,优秀回答者
1470,司空白,tsongmsc,是生命，就该万丈辽阔,69754,1,134,哈佛大学设计学院 建筑学硕士
1471,阿九必胜,su-shu-48-59,一个只在想法里营业的美食博主,16414,0,101,0
1472,白驼山掌柜,baituoshanzhanggui,想走遍大航海时代的每个港口,4286,1,111,0
1473,Jennyworldtravel,jennyworldtravel,环游世界的Jenny,1615,0,5,0
1474,河狸屯潜水员,xiao-wang-63-77,美帝某芝麻学区学生顾问/student counselor,40170,0,160,0
1475,知乎大学小管家,AnonymousLive,知识市场小助手已更名为「知乎大学小管家」，知乎大学的问题都可以问我~,159077,0,14,知乎 官方帐号
1476,故园风雨前,gu-yuan-feng-yu-qian,写作业者,6107,0,4,0
1477,冯那,feng-na-36,死ぬまで反抗期,127,-1,23,0
1478,灯下说书人,xiao-shi-9,街边远行客，灯下说书人,191113,0,68,0
1479,甜草莓,tiancaomei,认真写想写的/不是专家/有时候瞎说话,95548,1,349,科技盐究员
1480,赵世奇,zombie,学过化学，懂点生物,474315,1,609,优秀回答者
1481,浅色回忆,Yumemi-Hoshino,知行合一，守序善良,97497,1,773,优秀回答者
1482,Jacob贾超,jia-chao-51,好看的皮囊 有趣的灵魂 我一样都没有,70076,1,335,优秀回答者
1483,熊希灵,xiong-xi-ling,社会与认知,184647,1,92,中山大学 基础心理学博士
1484,laq是只仓鼠,cang-shu-laq-12,心有仓鼠，细嗅向日葵_(•̀ω•́ 」∠)_,170341,1,705,0
1485,平骧,sui-bing-65,前央企法律顾问、前检察官、现律师；公众号:青果法律。,124789,1,140,优秀回答者
1486,邢立达,xinglida,古生物学者，科普作家,6908,1,5,古生物学者，科普作家
1487,石中居士,shi-zhong-ju-shi,地球物理界的维京人。维京界的地球物理人。两开花。,25998,1,542,吉林大学 固体地球物理学博士在读
1488,程浩,cheng-hao-81,伯爵在城堡：http://weibo.com/now2012,212416,1,194,0
1489,梅华龙,hualong-mei,哈佛大学近东系博士生 博士论文答辩已通过,27555,1,199,哈佛大学 古代近东语言与文明学院博士
1490,与人为善,scorpioseer,出柜/曾带宠物开房车环游过中国/文博控/兴趣广泛/特长很多,44750,1,446,0
1491,痕量Brant,nusbrant,犬系男子/医学科研/科普/皮肤/合作请私,164462,1,237,新加坡国立大学 医学院博士在读
1492,木成,mu-cheng-75-31,成如高木，向云而生。,6313,1,119,0
1493,晨曦寒萧,chen-xi-han-xiao,若能穿越平行时空，想告诉15岁的那个自己——前路，有你无法想象的精彩！,31,1,2,0
1494,Lightwing,dlightwing,公众号：Lightwing   微博：李轶睿,288458,1,363,0
1495,平老虎,pinglaohu,略懂摄影器材和技术,74466,1,2283,科技盐究员
1496,周源,zhouyuan,知乎 001 号员工,981389,1,350,知乎 创始人 & CEO
1497,宁南山,ningnanshan,在深圳搬砖，重新认识自己的国家。公众号宁南山。微博深圳宁南山,199769,1,35,0
1498,螺旋真理,luo-xuan-zhen-li,博物馆学研究者，微信：luoxuanzhenli2004,238582,1,3598,优秀回答者
1499,梅洋汤,teeny-tiny,海洋微生物博士,74508,0,200,优秀回答者
1500,知乎市场团队,zhihu_marketing,有问题 上知乎,57675,1,8,知乎 官方帐号
1501,夕颜.源氏物语,yu-ping-11-85,金刚怒目，所以降服四魔；菩萨低眉，所以慈悲六道,2924,0,55,0
1502,知乎机构号团队,St.Pancras,我有 30000+ 个小伙伴，超厉害,91900,0,7,知乎 官方帐号
1503,张珂珂,zhang-bu-da-yan-ke-ke,壹合木艺，认真做好每一件实木家具,7234,0,80,0
1504,知识库,zhi-shi-ku-21-42,看事实、讲客观、做专业,84163,-1,6,知乎 官方帐号
1505,《科学世界》杂志,ke-xue-shi-jie-za-zhi,唯有通过科学 方可认识世界,212603,-1,160,已认证的官方帐号
1506,孙天任,sun-tian-ren,古生物学/《Newton-科学世界》编辑,19751,1,541,0
1507,queen red,queen-red-76,擅长话题是哆啦A梦,117607,0,2082,优秀回答者
1508,百科不大全,baikebudaquan,兴趣使然的博物爱好者,61364,1,332,腾讯科技（上海）有限公司 监制
1509,苏澄宇,su-cheng-yu,动物科学 / 动物营养 / 冷门问题收割者,211923,1,286,动物科学学院硕士
1510,河马老师,hippoh,河马老师,129295,1,424,优秀回答者
1511,Mandelbrot,mandelbrot-11,飞羽觞而醉月,178849,-1,273,格里菲斯大学 计算机科学博士
1512,凌晨晓骥,Ling-chen-xiao-ji,Infrared Astronomy,50462,1,244,优秀回答者
1513,天倉五,taucet,,48446,1,38,优秀回答者
1514,One Two,regulusone,效果拔群。,80489,1,135,东华大学 科学技术史硕士
1515,MAX户外,maxhu-wai,「MAX户外APP」户外生活第一站 满足您户外活动的一切需求,8187,-1,70,已认证的官方帐号
1516,旅行小管家,lucyttt,攻略小能手，旅行小管家，发射爱与自由的电波~~~,16,0,0,0
1517,知乎旅行,zhi-hu-lu-xing-96,玩转世界的另一种视角,78069,-1,1,已认证的官方帐号
1518,张昕宇梁红,ontheroad270,环球探险家，一对青梅竹马的侣行夫妇。,355908,1,40,环球探险家，代表作《我们的侣行》
1519,刺猬体验,ci-wei-ti-yan-89,义工旅行，遇见另一种生活！,534,-1,3,已认证的官方帐号
1520,菜菜美食日记,cai-cai-mei-shi-ri-ji,江湖人称“菜三碗” ，三碗，不是饭量，是态度呐~,217264,-1,206,已认证的官方帐号
1521,北辰青年,bei-chen-qing-nian-84,公众号「北辰青年未来大学」，致力于青年人成长,7499,-1,98,已认证的官方帐号
1522,李小卿的小号,FOCAL-POINT,电影/音乐/戏剧/表演/留学/制作,24923,0,636,道奇电影学院 电影制作硕士
1523,吴思涵,wu-si-han-47,知识星球「真知拙见」,135562,1,849,Ludwig 癌症研究所 博士后
1524,卞卡,198Q,已经不在知乎,210785,1,72,0
1525,fifizoo,fei-fei-25-55,已婚  和猫,7605,1,30,0
1526,刺猬体验 可达鸭,ci-wei-ti-yan,一起义工旅行吧~,14685,0,88,北京大学 工商管理硕士
1527,知乎日报,zhi-hu-ri-bao-51-41,带你正确地逛知乎,14252148,-1,3,已认证的官方帐号
1528,张小菁,zhang-xiao-jing-41-63,活着的,6378,-1,145,0
1529,北辰,bei-chen-9521,桃李春风一杯酒，江湖夜雨十年灯。,11920,1,47,平方创想教育科技(北京)有限公司 运营专员
1530,土巴兔装修家居,tu-ba-tu-86-49,让居住更美好 | 装修就上土巴兔,18270,-1,557,已认证的官方帐号
1531,永烨教育,yong-ye-jiao-yu,,83,-1,95,已认证的官方帐号
1532,知乎小管家,zhihuadmin,超厉害！顺便招运营人才和其他各类人才。,328390,1,69,知乎 官方帐号
1533,知一声,verycool,能文能武，懂一点产品，懂一点技术，非常了解知乎产品功能。,98355,0,5,知乎 官方帐号
1534,熊仔,fei-nan-68,编辑|一篇文章卖出1800套口红|好物推荐官,10351,0,34,0
1535,旅行小管家,lucyttt,攻略小能手，旅行小管家，发射爱与自由的电波~~~,16,0,0,0
1536,刘看山,liu-kan-shan-78,知乎吉祥物，带你发现更有趣的知乎,8137520,1,78,北极狐，知乎全职吉祥物
1537,知乎旅行,zhi-hu-lu-xing-96,玩转世界的另一种视角,78069,-1,1,已认证的官方帐号
1538,穷游网,qiong-you-wang-46,对世界上瘾,135932,-1,90,已认证的官方帐号
1539,Airbnb爱彼迎,airbnb-58,与爱彼迎一起出发，创造一个身在何方都心有归属的世界。,209037,-1,45,已认证的官方帐号
1540,搜狐新闻,sou-hu-xin-wen-59,守护独立思考的能力,483,-1,23,已认证的官方帐号
1541,小梵老师,wai-xing-ren-fan-gao,央美毕业的职场妈妈。微信ID：17392862976,21143,0,228,0
1542,胭脂泪,yan-zhi-lei-74,教书匠,1210,0,132,0
1543,周风云,fongwanchau,出生在智利的华裔医生，一名爸爸。我常写有关医学与教育的文章。,524,1,2,Universidad Privada del Valle 医学博士
1544,李点点,dian-dian-jia-de-tu-xiao-dou,漫画作者,1668,-1,13,0
1545,机哥说,jigetalk,爱钻研的奶爸，smzdm生活家（公众号：jigetalk）,2675,1,57,0
1546,朴世禺,piao-shi-yu,600年老社区里干物业的,95044,1,133,故宫博物院 古建部工程师
1547,木樨,mu-xi-2-18,职场妈妈，亲子阅读、纯母乳喂养践行者,272,0,57,0
1548,言语治疗师Siyang,sunsiyang,英国注册言语语言治疗师，皇家言语治疗师学院会员,29575,1,23,言语语言病理学家
1549,史蒂文,stevenjiang,物流包装方案从业者。摩羯座、理工男。喜好摄影、旅游。,404,1,4,0
1550,刘权,liu-quan-4-29-33,大学教师。身为父母，肩负责任， 教育孩子，完善自己。,262,1,76,暨南大学 教师
1551,Chadel,jiang-ling-hua,,470,0,30,0
1552,张慧娟,juan-er-viola,9岁孩子的妈妈 / 高校艺术类教师,4028,0,32,0
1553,羽言,yu-yan-18-11,儿童专注力指导师、儿童先天气质指导师、感觉统合指导师,345,1,24,0
1554,鸭鸭麻麻,ya-ya-92-20-4,我是立妈，1年亲子共读600本纯英绘本,3389,0,17,0
1555,扇折风息,shan-zhe-feng-xi,千人千面，求同存异。,11937,0,120,0
1556,李芳,li-fang-94-80-34,儿童和青少年问题解读者，心理咨询师，无分别爱的践行者和推广者,3771,0,49,0
1557,莱莱,lai-lai-97-31,其实我是个小姐姐,252,0,4,0
1558,知其不然,song-qian-wei-30,可能是知乎最笨的爸爸。,547,1,94,0
1559,妖怪无脸男,justonetime,两宝全职妈妈的育儿之路和鸡毛蒜皮,1538,0,200,北京交通大学 工商管理硕士
1560,沁书悦读,qin-shu-yue-du-10,因为，我真的很喜欢读书啊！,1234,-1,143,已认证的官方帐号
1561,知乎法律,zhi-hu-fa-lu,与你一起读懂这个世界的规则~,601,-1,0,已认证的官方帐号
1562,知乎旅行,zhi-hu-lu-xing-96,玩转世界的另一种视角,78069,-1,1,已认证的官方帐号
1563,许知远,tai-yang-de-yang-zi,,281,1,1,作家、出版人，代表作《青年变革者：梁启超1873-1898》《游荡集》
1564,知乎雅思,zhi-hu-ya-si,每日一问：今天背单词了吗？ ,1807,-1,11,已认证的官方帐号
1565,知乎考研,zhi-hu-kao-yan,考研路上，看看知乎,14841,-1,40,已认证的官方帐号
1566,留德华叫兽,ruobingshen,德国无人驾驶研发工程师，美国运筹学硕博，海德堡大学AI博士。,87964,1,524,海德堡大学 交叉学科计算中心离散与组合优化实验室研究员
1567,7号黑炭,dv7forever,"环境保护与可持续发展
哥伦比亚大学博士在读 (工学院)",8,1,0,0
1568,白白白,bai-bai-bai-48-95,,3,-1,0,上海电影股份有限公司影视发行分公司 营销主管
1569,知识库,zhi-shi-ku-21-42,看事实、讲客观、做专业,84163,-1,6,知乎 官方帐号
1570,何凯文,zhong-guo-zhe-die,文都考研英语首席主讲名师,195,1,0,文都教育 考研英语首席主讲名师
1571,feby,dai-bin-87-44,it is a good day to die,7575,1,95,0
1572,竹间月,zhu-jian-yue-44,大学老师，关注科研，爱好广泛,1621,1,13,上海大学 教师
1573,HR-Henry陈恒,chen-xiao-heng-95,人力资源/数据分析/劳动法小法师,116451,1,250,优秀回答者
1574,上将潘凤,frank_lampard,野鸡大学/夕阳专业/永久脑损伤,16647,1,72,0
1575,叶老师,xie-sheng-huang-70,高级教师,4786,1,29,0
1576,光明日报,guang-ming-ri-bao-99,思想品格 人文情怀,486405,-1,173,已认证的官方帐号
1577,雷空桑,leichang,互联网HR，不接简历辅导，看我答案够你用了,18157,1,153,搜狐畅游 校招主管
1578,Patrick Zhang,patrick-zhang-3,电气工程师 | 微博@老帕聊电气,413550,1,1892,优秀回答者
1579,Mushroobby,cui-bobby,个人同名公众号：Mushroobby,32207,1,66,香港友邦保险公司 保险代理人
1580,刘元,liulaohei,营销 | 旅行 | 公众号：出发大厅,30083,1,191,0
1581,最高人民检察院,zui-gao-ren-min-jian-cha-yuan,,100001,-1,0,已认证的官方帐号
1582,小火,firey,,456,1,105,0
1583,毛毛,wang-wen-yang,skydiver,10079,1,26,0
1584,中国消防,zhong-guo-xiao-fang-96,,72280,-1,3,已认证的官方帐号
1585,我是白,wo-shi-bai,,373,1,0,0
1586,李睿,hepes,一个码代码的，失败的人,4144,1,21,0
1587,胡晓波,hu-xiao-bo-1025,各种理性谈论（吐槽）护肤品。公众号和微博：配方师Rex。,160397,1,772,复旦大学 微生物学硕士
1588,小直同学,xiao-zhi-tong-xue-88-53,,1786,-1,1,已认证的官方帐号
1589,地道风物,di-dao-feng-wu,行走的风物百科，发现每寸土地的不一样。,6045,1,119,0
1590,英雄联盟,ying-xiong-lian-meng-56-33,欢迎来到英雄联盟。,175125,-1,132,已认证的官方帐号
1591,子乾,Dr.ziqian,兴趣使然,89601,1,135,理论物理学博士在读
1592,张个个,gegezhang0416,serendipity | 动手爱好者,29879,0,59,0
1593,Ivony,Ivony,大隐隐知乎,133862,1,4615,优秀回答者
1594,王怡蕊,wang-yi-rui-57,微信号：ChangePath家庭心理；澳大利亚心理学博士,485121,0,117,昆士兰大学 临床心理学博士
1595,Ven,blueven,微信公众号：拆盒网,4639,1,136,0
1596,陈涤,chen-di-19-39,手工高定皮具师,154044,1,391,哈尔滨理工大学 教师
1597,支付宝,zhi-fu-bao-72-4,知托付,265535,-1,245,已认证的官方帐号
1598,覃宇辉,IMauriceQ,提供远程心理咨询/宾夕法尼亚大学教育心理学硕士,224516,1,117,宾夕法尼亚大学 教育学硕士
1599,维克多刺猬,wei-ke-duo-ci-wei,公众号：ciweideci123,4960,1,92,0
1600,小熊伊万,xiao-xiong-yi-mo,关于好吃的，我有伊万个为什么,7162,-1,31,已认证的官方帐号
1601,老爸评测,lao-ba-ping-ce,一群不安分的实验室检测工程师,529538,-1,320,已认证的官方帐号
1602,高乐,gao-le-37-79,,110,-1,0,宝马集团 大中华区总裁兼首席执行官
1603,知乎科学,zhi-hu-ke-xue,来知乎，看科学多热闹,752829,-1,2,已认证的官方帐号
1604,狐吃狐玩,hu-chi-hu-wan,,513,-1,31,已认证的官方帐号
1605,旅行小管家,lucyttt,攻略小能手，旅行小管家，发射爱与自由的电波~~~,16,0,0,0
1606,董十一,dyun,别平庸,3792,1,12,0
1607,周源,zhouyuan,知乎 001 号员工,981389,1,350,知乎 创始人 & CEO
1608,知乎旅行,zhi-hu-lu-xing-96,玩转世界的另一种视角,78069,-1,1,已认证的官方帐号
1609,无往,wuwang,内向小瘦子,162066,1,85,优秀回答者
1610,知乎好物推荐,zhi-hu-hao-wu-tui-jian,帮助知友买到心仪好物,187660,-1,0,已认证的官方帐号
1611,扇贝,shan-bei-wang-99,了解下我嘛—微信号shanbay17,12398,-1,75,已认证的官方帐号
1612,hua xia,hua-xia-78-67,广告从业者,426,1,219,0
1613,曹孟德斯鸠,saintmz,脱发/焦虑/爱吵架/还吵不赢,93460,1,200,0
1614,国家大剧院,guo-jia-da-ju-yuan-37,艺术改变生活,1708,-1,3,已认证的官方帐号
1615,无盐,wu-yan-18-14-57,有时什么也不想说，有时忘了怎么说,558,0,47,0
1616,文小姐,wen-xiao-jie-63-32,,6,-1,3,0
1617,徐瀚,zhang-lao-shi-33-27,小雨伞保险首席金融官，公众号【小雨伞保险】,10135,1,154,小雨伞保险经纪有限公司 执行董事
1618,同程艺龙,tong-cheng-yi-long-77,出行，从同程艺龙开始,487,-1,19,已认证的官方帐号
1619,王若晨,hai-bing-gan-67,人生体验探索者 、服装设计师,22,0,1,0
1620,蚂蚁社保CEO,ma-yi-she-bao,,5042,1,411,上海蚁众企业管理咨询有限公司 首席人力资源专家
1621,亚历山大Xu,xu-samson,,9017,1,28,0
1622,知乎雅思,zhi-hu-ya-si,每日一问：今天背单词了吗？ ,1807,-1,11,已认证的官方帐号
1623,curious mouse,dai-chang-hao-85,一只贱萌科研狗,1503,1,100,大阪大学 化学博士在读
1624,林月半,xiao-hui-hui-48-32,知不道小姐,768,0,32,南京大学 新闻与传播学硕士
1625,要吃可爱多嘛,xiao-ren-wu-93-70,蠢萌医学生/外向且孤独,1832,1,27,0
1626,pette,pette-60,工程师,719,1,18,0
1627,刘看山,liu-kan-shan-78,知乎吉祥物，带你发现更有趣的知乎,8137529,1,78,北极狐，知乎全职吉祥物
1628,NCC-73811,chen-zi-peng-46,反射弧巨长，私信不回见谅,25046,1,254,优秀回答者
1629,知乎视频,zhi-hu-shi-pin,看见、记录、分享更大的世界。,4628,-1,0,已认证的官方帐号
1630,知一声,verycool,能文能武，懂一点产品，懂一点技术，非常了解知乎产品功能。,98355,0,5,知乎 官方帐号
1631,知乎旅行,zhi-hu-lu-xing-96,玩转世界的另一种视角,78069,-1,1,已认证的官方帐号
1632,寂寂若离,liu-gan-79-78,朗朗天地，浩浩乾坤,137999,1,890,暨南大学 工商管理硕士
1633,松鼠会Sheldon,song-shu-hui-sheldon,理论物理学博士，科普作家，科学漫画创作者,27722,1,24,0
1634,欧阳海龙,ou-yang-hai-long,生物学&amp;生态学。不抖，不编。,69556,1,179,中国科学院大学 水生生物学博士
1635,男爵兔,nan-jue-tu,阿拉伯/斯瓦希里/民谣作词/阅读/宗教/东方文化/相声,18375,0,363,北京大学 亚非语言文学硕士
1636,Samonwise,ding-gerald,努力写出名堂。#约稿约课微信Samonwise,4016,1,24,斯坦福大学 比较文学博士在读
1637,Verix,lin-hong-xian-11,会开飞机/会射箭/彩六干员/骑行爱好者/撸猫成瘾,256,1,41,0
1638,英语杂货铺,ting-yuan-shen-shen-shen-ji-xu-70,南京师范大学英语系博士(语言学/CDA),9500,1,191,南京师范大学 英语语言文学博士在读
1639,Sillycat笨猫,yang-yong-xin-94,山水之乐，得之心而寓之酒也。,1329,0,57,0
1640,Tequila,wang-yi-jing-66-10,坚韧 静默,2446,1,10,0
1641,知乎旅行,zhi-hu-lu-xing-96,玩转世界的另一种视角,78069,-1,1,已认证的官方帐号
1642,张亮,imike,Win,874905,1,1513,知乎 联合创始人
1643,带三个表,wangxiaofeng,没帮助，气死你。,318174,1,2323,0
1644,Wayne Zhang,waynezhang,Auditing / Marketing,54533,1,88,优秀回答者
1645,插门胡的小背心,cha-men-hu-de-xiao-bei-xin,虚伪让人难受，犀利让人受不了。,160632,0,0,0
1646,关雅荻,guanyadi,电影制片人，新片场电影认知课程【雅荻学堂】主讲人,390012,1,640,北京很有勇气文化传媒有限公司 法定代表人
1647,李梓铭,liziming_simon,悦见教育CEO,353,1,2,0
1648,苏成都,suchengdu,The beholder&#39;s eye.,701,1,8,0
1649,封楚诚,fengchucheng,Political risk analytics 政治风险分析，关注新兴市场,872,1,7,0
1650,彭萦,yingpeng332,ZeeTea CEO | 创业者 | 撰稿人 | 性格分析师,13013,0,1,Zee Tea CEO
1651,尹珊珊,girlvia,形而上，最多退让到现象学，辩证无能谢谢。,13560,-1,100,0
1652,aahhh双双,aahhhshuang-shuang,谈天的人很多 谈心的不多,7,0,0,0
1653,张凌逸,zhang-ling-yi-22,爱LEGO/Schleich的证券分析师会偶尔拍短片,30,1,10,0
1654,白夜,baiyebaiye,要走到更远的地方去,17,0,6,0
1655,张彤彤,zhang-tong-tong-7, flower child ,14,0,0,0
1656,抽风手戴老湿,chou-feng-shou-dai-lao-shi,业余法学家，职业扯淡家,2832,1,21,0
1657,周曦垚,zhou-xi-yao,,4,1,1,0
1658,雷蒙德,609874926,啥都搞搞。。,142,1,8,0
1659,猫力,mao-li-60-56,Let the world change you... and you can change the world. 工作联系：Joyce.hong@zh-brand.com,19771,0,0,0
1660,知一声,verycool,能文能武，懂一点产品，懂一点技术，非常了解知乎产品功能。,98355,0,5,知乎 官方帐号
1661,铲屎官与便利店,jia-you-bian-li-dian,猫狗双全,4114,0,229,荷兰瓦赫宁恩大学 食品质量管理硕士
1662,菲利普医生,fu-shi-bo,外科/射箭/185/尺八/笛子/猫奴,201071,1,353,上海交通大学 外科学博士
1663,有喵青年,you-miao-qing-nian,关注有喵青年公众号，每天吸高质量喵片,3168,1,77,0
1664,铃铛宠物,ling-dang-chong-wu,让养宠更简单更快乐,272,-1,45,已认证的官方帐号
1665,黄友善,zhi-zu-69-12,美短一家人,5725,0,152,0
1666,王梦宇,wangmengyuinzhihu,前乎员工，晒猫小号,6735,0,56,0
1667,王里正,wang-li-zheng-74,云撸猫吗！我超甜！,2337,0,44,0
1668,温鸦,wen-ni-80-27,我有一大碗丰盛的猫(｡･ω･｡)ﾉ♡,22317,1,403,0
1669,小直同学,xiao-zhi-tong-xue-88-53,,1786,-1,1,已认证的官方帐号
1670,知乎科学,zhi-hu-ke-xue,来知乎，看科学多热闹,752830,-1,2,已认证的官方帐号
1671,猫无忧,maowuy,亲答猫病和饮食问题，专注养猫知识科普,18999,1,381,0
1672,猫研所,mao-yan-suo-2,猫咪知识精准科普平台,36733,-1,223,已认证的官方帐号
1673,大橘很重,lu-xian-xian-xiao-jie,微博:大橘很重_  养猪专业户,11684,0,81,0
1674,Jacob贾超,jia-chao-51,好看的皮囊 有趣的灵魂 我一样都没有,70076,1,335,优秀回答者
1675,苏澄宇,su-cheng-yu,动物科学 / 动物营养 / 冷门问题收割者,211923,1,286,动物科学学院硕士
1676,如茜,xi-ru-qian,宠物疾病咨询请走值乎或者微信xiruqian,37639,0,1512,0
1677,哮天他妈,xiao-tian-ta-ma-94,三代家传铲屎官，兼宠物医院老板娘,2271,0,132,0
1678,知乎问题商店,zhihu_question_shop,让你的问题更有价值,8957,1,0,知乎 官方帐号
1679,与人为善,scorpioseer,出柜/曾带宠物开房车环游过中国/文博控/兴趣广泛/特长很多,44750,1,446,0
1680,知乎旅行,zhi-hu-lu-xing-96,玩转世界的另一种视角,78069,-1,1,已认证的官方帐号
1681,马力,mali,知群是培养TOP10%产品经理和设计师的教育社群,677721,1,1476,「最美应用」&「最美有物」 创始人
1682,闪米特,SemitLee,全球十大探险家,268384,1,255,优秀回答者
1683,徐斌,xubinlvshi,房产律师，《千万别说你懂买房》作者，法硕实践导师,368563,1,1301,上海秦兵律师事务所 主任律师
1684,沈夏冰,shen-xia-bing,营养师终究会获得社会的认可,44333,1,125,0
1685,朴世禺,piao-shi-yu,600年老社区里干物业的,95044,1,133,故宫博物院 古建部工程师
1686,FieryTiger,fierytiger,可爱又迷人的反派角色,145309,0,109,0
1687,Cecilia,ceciliacat,前科研从业者/积极教养/正面管教注册讲师/家有两娃,316425,0,531,优秀回答者
1688,翘囤奶爸,kao-la-70-73,带娃主力，女儿奴，央企总部英语高翻,47670,1,332,北京航空航天大学 英语笔译硕士
1689,Dr.X,bu-wu-zheng-ye-de-wai-ke-yi-sheng,医学博士、外科医生、知乎签约作者,150186,1,594,华中科技大学附属同济医学院 外科学博士
1690,郑金条,zhengjintiao,Mobile Strategy Game Creator,176864,1,639,优秀回答者
1691,知乎盐沙龙,yan-sha-long,让世界有味道,68899,-1,5,知乎 官方帐号
1692,知乎科学,zhi-hu-ke-xue,来知乎，看科学多热闹,752830,-1,2,已认证的官方帐号
1693,空白白白白,jiafeimao,不接任何商业合作，公众号：空白女侠,292863,0,159,优秀回答者
1694,一直喝稀饭,yi-zhi-he-xi-fan,你可以当我是打杂的,47690,1,515,南京工业大学 企业管理硕士
1695,太2真人,taierzhenren,HR,5237,0,176,0
1696,夜猫学姐HR,he-lu-lu-10-68,求职就业叮当猫，深夜写稿小姐姐。,18195,0,104,0
1697,知乎求职,zhao-pin-xiao-zhu-shou-59,聚集一线互联网公司优质职位，分享知乎优秀回答者的职场干货,5973,-1,12,已认证的官方帐号
1698,王宇HR,zhihu-wyu,欢迎邀请回答职场&amp;管理问题、付费咨询及各类商务合作,28762,1,121,中国人民大学 人力资源管理专业硕士在读
1699,陈大可,chen-qi-69-43-69,育儿快乐成长，职场全力以赴，10年德系汽车营销经验,69409,0,325,0
